label	aac_pssm0	aac_pssm1	aac_pssm2	aac_pssm3	aac_pssm4	aac_pssm5	aac_pssm6	aac_pssm7	aac_pssm8	aac_pssm9	aac_pssm10	aac_pssm11	aac_pssm12	aac_pssm13	aac_pssm14	aac_pssm15	aac_pssm16	aac_pssm17	aac_pssm18	aac_pssm19
1	-0.4	-1.62	-0.54	-0.88	-2.06	-0.62	-0.82	-1.12	-1.2	-0.98	-1.12	-1.14	-0.78	-1.26	-1.44	-0.32	-0.14	-2.44	-0.96	-0.7
1	-1.2	-0.8	-1.74	-1.74	-3.52	-0.8	-1	-2.16	-1.88	-1.48	-1.52	-0.78	-1.1	-2.44	-2.4	-0.98	-0.88	-3.18	-2.24	-1.28
1	0.12	-0.44	-0.8	-1.24	-1.84	0.02	-0.48	-0.92	-1	-1.54	-1.38	-0.6	-0.84	-1.96	-1.32	-0.24	-0.76	-2.28	-1.24	-0.9
1	-0.76	-0.96	-0.7	-1.46	-2.06	-0.48	-0.82	-2.2	-1.08	-0.72	-0.64	-0.82	-0.38	-1.36	-1.46	-0.64	-0.38	-2.48	-1.02	-0.56
1	-0.86	-1.44	-2.32	-2.1	-3.82	-1.18	-1.32	-2.54	-2.18	-2.14	-1.64	-1.66	-1.02	-2.46	-2.3	-1.28	-1.1	-3.9	-2.66	-1.42
1	-1.1	-0.84	-1.78	-1.94	-3.4	-0.86	-1.14	-2.08	-1.82	-1.5	-1.58	-0.94	-1.06	-2.4	-2.4	-1.02	-0.82	-3.14	-2.24	-1.24
1	-0.4	-0.8	-0.5	-1.44	-1.78	-0.42	-0.88	-1.34	-1.24	-1.36	-1.02	-0.64	-0.56	-1.52	-1.72	-0.28	-0.26	-1.62	-1.12	-1.02
1	-0.32	-0.94	-0.64	-1.14	-2.38	0.14	-0.48	-1.68	-1.06	-1.14	-1.5	-0.9	-1	-1.92	-1.92	-0.38	-0.5	-2.46	-1.08	-1
1	0.44	-1.08	-0.84	-0.9	-1.46	-0.52	-0.78	-1.18	-1.58	-1.26	-1.24	-0.74	-0.8	-2.22	-0.18	0.22	-0.12	-2.88	-1.96	-0.68
1	-1.14	-1.08	-1.76	-1.98	-3.3	-1.1	-1.32	-2.4	-2.2	-1.48	-1.5	-1.1	-0.8	-2.62	-1.88	-1	-0.9	-3.34	-2.28	-1.26
1	-0.58	-1.06	-1.2	-1.1	-2.12	-0.64	-0.78	-1.8	-1.34	-0.9	-0.48	-1.08	-0.48	-1.52	-1.92	-0.7	-0.74	-2.58	-1.3	-0.88
1	-0.5	-0.84	-0.54	-0.78	-2.04	-0.16	-0.2	-1.62	-1	-1.26	-0.94	-0.28	-0.6	-1.48	-1.8	-0.2	-0.38	-2.04	-0.94	-1
1	-1.02	-1.12	-1.68	-1.96	-3.44	-1.08	-1.36	-2.32	-2.02	-1.5	-1.5	-1.12	-0.9	-2.16	-2.1	-0.94	-0.72	-3.34	-2.2	-1.28
1	-0.62	-0.8	-0.66	-1.48	-1.9	-0.32	-0.98	-1.9	-1.48	-0.72	-0.54	-0.74	-0.44	-1.6	-2.1	-0.34	-0.16	-2.64	-1.34	-0.76
1	-0.68	-1.22	-2.18	-2.04	-3.88	-1.14	-1.3	-2.46	-2.18	-1.82	-1.48	-1.64	-0.94	-2.38	-2.1	-1.28	-1.2	-3.74	-2.6	-1.56
1	-0.18	-1.04	-0.44	-0.38	-2.02	-0.32	0.04	-1.28	-1.36	-1.62	-1.62	-0.48	-1.12	-2.12	-0.82	0.22	-0.28	-2.58	-1.86	-1.12
1	-1.06	-0.88	-1.78	-1.88	-3.52	-0.92	-1.14	-2.12	-1.9	-1.46	-1.52	-0.9	-0.94	-2.32	-2.4	-0.92	-0.84	-3.18	-2.18	-1.18
1	-0.1	-0.88	-0.74	-0.74	-1.96	-0.46	-0.32	-0.98	-1.36	-1.68	-1.62	-0.52	-1.12	-2.02	-0.78	0.16	-0.62	-2.46	-1.74	-1.22
1	-0.1	-1.04	-1.32	-1.3	-1.9	-0.8	-1.02	-1.9	-1.54	-0.78	-0.56	-1.02	-0.14	-1.38	-2.04	-0.2	0.02	-2.62	-1.22	-0.58
1	-1.02	-1.22	-1.64	-1.8	-3.26	-1.12	-1.3	-2.08	-2	-1.32	-1.28	-1.1	-0.84	-2.28	-2.1	-1.04	-0.74	-3.42	-2.1	-1.16
1	-0.58	-1.26	-1.7	-1.7	-2.9	-0.86	-1.1	-1.8	-1.7	-1.58	-1.32	-1.28	-0.82	-2.16	-1.46	-0.6	-0.66	-3.2	-2.06	-1.26
1	-0.62	-0.86	-1.18	-1.34	-2.14	-0.48	-0.78	-1.58	-1.18	-1.04	-0.94	-0.78	-0.6	-1.44	-0.96	-0.56	-0.3	-2.08	-1.28	-0.92
1	-1.12	-1.06	-1.68	-1.86	-3.56	-1.04	-1.22	-2.24	-1.96	-1.56	-1.68	-0.9	-1.02	-2.42	-2.44	-1.06	-0.9	-3.56	-2.32	-1.3
1	-0.4	-0.82	-1.18	-1.22	-2.04	-0.56	-0.56	-1.52	-1.36	-0.92	-0.72	-0.72	-0.44	-1.64	-0.9	-0.12	-0.02	-2.5	-1.5	-0.72
1	0	-0.34	-0.86	-1.36	-1.72	0.14	-0.48	-1.7	-1.24	-1.14	-0.6	-0.42	-0.22	-1.74	-1.54	-0.12	-0.54	-2.46	-1.32	-0.78
1	-0.72	-1.16	-1.3	-1.46	-3.6	-0.18	-1.38	-2.76	-2.34	-2	-0.92	-1.48	-1.52	-2.56	-2.96	-0.9	-1.12	-3.52	-1.9	-1.62
1	-0.44	-0.68	-1.14	-1.24	-1.92	-0.52	-0.66	-1.4	-1.58	-1.06	-0.94	-0.76	-0.5	-1.74	-1.2	-0.44	-0.18	-2.66	-1.48	-0.82
1	-0.56	-0.44	-1.06	-1.3	-2.38	-0.38	-0.58	-1.48	-1.42	-1.24	-1.32	-0.38	-0.76	-1.58	-1.6	-0.36	-0.46	-2.42	-1.34	-1.06
1	-0.94	-1.16	-2.12	-2.1	-3.86	-0.96	-1.18	-2.52	-1.86	-2	-1.64	-1.52	-0.98	-2.22	-2.32	-1.24	-1.26	-3.58	-2.24	-1.58
1	-0.86	-0.54	-1.54	-1.36	-2.7	-0.42	-0.74	-1.78	-1.22	-1.3	-1.18	-0.76	-0.9	-1.52	-2.18	-0.8	-0.58	-2.64	-1	-1.1
1	-0.66	-1.06	-1.9	-1.54	-3.3	-0.94	-0.9	-2.18	-1.84	-1.56	-1.24	-1.12	-0.7	-2.18	-1.66	-1.1	-0.82	-3.34	-2.18	-1.12
1	-1.24	-1.02	-1.84	-1.84	-3.62	-1.02	-1.12	-2.3	-2.1	-1.58	-1.78	-0.94	-1.3	-2.36	-2.54	-1.12	-0.94	-3.4	-2.22	-1.34
1	-0.98	-1.08	-1.46	-1.48	-2.88	-0.92	-0.92	-2.16	-1.96	-1.14	-1.26	-0.68	-0.64	-2.18	-1.84	-0.94	-0.52	-3.14	-1.96	-0.94
1	-0.4	-0.9	-0.98	-1.16	-1.96	-0.7	-0.72	-1.4	-1.4	-1	-0.9	-0.88	-0.68	-0.94	-1.3	-0.1	-0.26	-2.28	-1.16	-0.7
1	-0.82	-1.18	-1.52	-1.62	-2.88	-0.66	-0.84	-2.4	-1.48	-1.18	-0.98	-1.1	-0.52	-1.72	-1.64	-1.02	-0.74	-3.04	-1.44	-1.14
1	-0.44	-0.88	-1.04	-0.98	-2.02	-0.52	-0.44	-1.4	-1.16	-1.36	-1.2	-0.78	-0.8	-1.94	-0.94	-0.42	-0.72	-2.48	-1.56	-1.04
1	-0.64	-1.24	-2.14	-2	-3.62	-1.08	-1.06	-2.24	-1.96	-1.92	-1.52	-1.48	-0.9	-2.22	-1.78	-1.02	-0.96	-3.56	-2.44	-1.48
1	-0.46	-0.94	-1.14	-1.16	-1.9	-0.38	-0.64	-1.32	-0.84	-1.26	-1.14	-0.8	-0.54	-1.54	-1.66	-0.26	-0.64	-2.52	-1.14	-1
1	-1.76	-1.9	-2.32	-2.82	-3.7	-1.46	-1.9	-3.28	-1.84	-1.98	-2.26	-1.96	-1.78	-3.26	-4.2	-2.06	-2.18	-4.18	-2.5	-1.88
1	-0.62	-1.12	-0.42	-0.54	-2.02	-0.36	-0.48	-1.4	-1.4	-1.44	-1.2	-0.66	-0.8	-2	-1.02	-0.12	-0.46	-2.48	-1.7	-1.14
1	0.06	-1.12	-1.12	-0.72	-2.04	-0.4	-0.54	-1.52	-1.46	-1.12	-1.04	-1	-0.66	-1.68	-1.62	-0.12	-0.18	-2.08	-1.3	-0.74
1	0.12	-0.8	-0.82	-1.06	-1.88	-0.62	-0.88	-0.46	-1.42	-2.02	-1.84	-0.7	-1.22	-2.46	-0.1	-0.14	-0.74	-2.5	-2.06	-1.38
1	-0.74	-1.28	-2.54	-2.18	-4	-1.2	-1.52	-2.44	-2.18	-1.98	-1.48	-1.64	-1.12	-2.36	-2.08	-1.36	-1.28	-3.78	-2.54	-1.52
1	-0.32	-0.76	-0.72	-1.14	-2.22	-0.24	-0.74	-1.78	-1.3	-1.18	-0.7	-0.64	-0.7	-1.5	-1.96	-0.42	-0.5	-2.34	-1	-0.92
1	-0.8	-1.12	-1.84	-1.64	-3.4	-0.72	-0.96	-2.32	-1.88	-1.7	-1.44	-1.28	-0.86	-2.14	-1.84	-1	-0.98	-3.44	-2.28	-1.42
1	-0.72	-1.2	-1.04	-1.44	-2.1	-1.02	-1.22	-1.46	-1.76	-1.14	-1.16	-1.06	-0.72	-1.48	-1.6	-0.46	-0.42	-2.3	-1.48	-1
1	-1.06	-1.04	-1.6	-1.96	-3.36	-1.02	-1.26	-2.12	-1.86	-1.58	-1.5	-1.06	-0.8	-2.16	-1.84	-1.08	-0.84	-3.38	-2.06	-1.18
1	-0.44	-0.54	-0.82	-1.02	-2.08	-0.44	-0.4	-1.5	-1.12	-1.46	-1.32	-0.42	-0.92	-1.9	-0.9	-0.3	-0.58	-2.66	-1.46	-1.12
1	-0.28	-0.54	-0.62	-0.96	-1.82	-0.26	-0.52	-1.52	-1.44	-1.18	-0.96	-0.28	-0.4	-1.86	-1.32	0.04	-0.4	-2.72	-1.74	-0.92
1	-0.42	-0.44	-1.4	-1.54	-2.18	-0.34	-0.68	-1.56	-1.42	-0.96	-0.66	-0.5	-0.54	-1.54	-1.1	-0.6	-0.38	-2.32	-1.24	-0.78
1	-1.06	-1	-1.8	-1.66	-3.66	-1.04	-1.18	-2.12	-1.9	-1.7	-1.62	-1.16	-1.02	-2.18	-2.36	-1.12	-0.98	-3.3	-2.16	-1.46
1	-0.1	-0.58	-1	-1.08	-2.06	-0.36	-0.66	-1.56	-1.2	-1.12	-0.58	-0.9	-0.6	-2.1	-2	-0.46	-0.46	-2.64	-1.68	-0.9
1	-0.58	-0.9	-0.64	-1.48	-2.04	-0.14	-0.7	-1.86	-0.94	-0.9	-0.7	-0.68	-0.24	-1.4	-2.06	-0.36	-0.52	-2.48	-1.08	-0.8
1	-0.5	-1.04	-1.1	-1.6	-2.12	-0.42	-0.78	-1.8	-1.26	-0.96	-0.92	-0.18	-0.4	-0.96	-1.74	-0.52	-0.42	-2.24	-0.84	-0.76
1	-0.58	-1.26	-1.98	-1.8	-3.24	-0.98	-1.06	-2.22	-1.84	-1.7	-1.28	-1.42	-0.92	-1.96	-1.34	-1	-0.76	-3.26	-2.1	-1.28
1	-0.64	-0.98	-1.36	-1.32	-2.5	-0.5	-0.8	-1.4	-1.52	-1.08	-1.12	-0.58	-0.84	-1.64	-1.56	-0.46	-0.4	-2.8	-1.44	-0.98
1	-1.2	-1.36	-1.5	-1.8	-3.28	-0.96	-1.22	-2.24	-1.86	-1.44	-1.38	-0.98	-1.12	-2.32	-1.78	-1.02	-0.72	-3.12	-2.1	-1.3
1	-0.54	-0.82	-0.84	-1.36	-1.92	-0.52	-0.62	-1.88	-1.48	-0.68	-0.76	-0.58	-0.34	-1.7	-1.3	-0.44	-0.24	-2.64	-1.46	-0.32
1	-0.78	-1.06	-0.22	-0.9	-1.76	-0.64	-0.74	-1.82	-1.12	-0.78	-0.86	-0.64	-0.62	-1.7	-1.58	-0.24	-0.64	-2.84	-1.34	-0.72
1	-0.68	-0.6	-0.88	-1.44	-2.08	-0.14	-0.6	-1.78	-1.36	-1	-0.78	-0.7	-0.4	-1.46	-1.96	-0.62	-0.3	-2.58	-1.48	-0.82
1	-1.22	-1.18	-1.8	-2.02	-3.6	-1.32	-1.34	-2.22	-2.02	-1.64	-1.5	-1.28	-0.92	-2.44	-1.98	-1.04	-0.92	-3.62	-2.36	-1.2
1	0.28	-0.62	-0.72	-1.16	-1.68	-0.32	-0.46	-1.32	-1.38	-1.06	-0.74	-0.54	-0.56	-1.9	-1.5	-0.04	-0.3	-2.6	-1.64	-0.62
1	-0.3	-0.74	-0.56	-0.76	-1.86	-0.28	-0.5	-1.6	-1.34	-1.16	-0.76	-0.26	-0.52	-1.84	-1.3	0.04	-0.14	-2.7	-1.62	-0.7
1	-0.8	-1.3	-2.12	-1.96	-3.64	-1.14	-1.26	-2.5	-2	-1.82	-1.48	-1.54	-1	-2.3	-1.98	-1.26	-0.88	-3.62	-2.36	-1.48
1	-0.54	-1.26	-1.36	-1.78	-3.3	-0.44	-1.54	-2.86	-2.16	-1.78	-0.84	-1.62	-1.44	-2.3	-3.26	-0.92	-0.92	-3.3	-1.8	-1.18
1	-0.68	-0.56	-0.76	-1.56	-2.14	-0.22	-0.84	-1.6	-0.8	-1.1	-1.12	-0.66	-0.12	-1.4	-1.84	-0.7	-0.76	-2.06	-0.84	-0.82
1	0.22	-0.8	-1.16	-1.68	-1.5	-0.22	-0.78	-1.78	-1.34	-0.86	-0.36	-0.76	-0.26	-1.44	-1.58	-0.28	-0.28	-2.22	-0.96	-0.52
1	-0.64	-0.64	-1.56	-1.34	-2.1	-0.18	-0.76	-1.6	-1.24	-1.18	-0.98	-0.58	-0.52	-1.28	-1.86	-0.54	-0.46	-2.22	-0.86	-1
1	-0.82	-0.76	-1.16	-1.54	-2.12	-0.7	-0.96	-1.72	-1.24	-1.28	-0.84	-1.06	-0.8	-1.6	-2.12	-0.54	-0.46	-2.2	-0.96	-1.12
1	-0.34	-1.12	-1.1	-0.82	-1.94	-0.58	-0.6	-1.76	-1.16	-1.46	-1.44	-0.84	-1.06	-1.72	-1.6	-0.6	-0.78	-2.74	-1.2	-1.26
1	-0.72	-1.16	-2.18	-1.98	-3.48	-0.96	-1.24	-2.46	-2.18	-1.7	-1.42	-1.42	-0.9	-2.16	-1.98	-1.2	-1.08	-3.62	-2.42	-1.28
1	-0.92	-1.08	-1.34	-1.64	-2.72	-0.76	-1.08	-1.98	-1.5	-1.28	-1.16	-0.48	-0.84	-1.94	-1.76	-0.6	-0.28	-3	-1.68	-1.1
1	-0.56	-1.12	-1.3	-1.16	-1.9	-0.52	-0.52	-1.94	-1.7	-0.66	-0.36	-0.8	-0.16	-1.66	-1.34	-0.62	-0.64	-2.56	-1.58	-0.46
1	-1.02	-0.54	-1.62	-1.7	-3.1	-0.84	-0.88	-1.88	-1.68	-1.32	-1.4	-0.68	-0.98	-2.24	-2.28	-0.9	-0.76	-2.96	-2.06	-1.1
1	-0.42	-0.8	-1.54	-1.34	-2.48	-0.44	-0.6	-1.94	-1.56	-1.18	-0.82	-0.86	-0.54	-1.5	-1.64	-0.64	-0.44	-2.64	-1.58	-0.86
1	-0.56	-0.92	-1.28	-1.36	-2.62	-0.54	-0.6	-1.74	-1.36	-1.26	-0.84	-0.72	-0.26	-1.54	-1.62	-0.78	-0.74	-2.72	-1.52	-1.06
2	-0.32	-0.36	-0.94	-1.3	-2.14	-0.46	-0.52	-1.04	-1.48	-1.44	-1.02	-0.46	-0.88	-1.82	-1.14	-0.16	-0.6	-2.44	-1.7	-1.2
2	-0.24	-0.54	-1.16	-1.3	-2.02	-0.32	-0.42	-1.36	-1.46	-1.38	-1.28	-0.56	-0.72	-1.88	-1.46	-0.42	-0.58	-1.96	-1.54	-0.94
2	-0.78	-0.78	-0.68	-0.92	-2.48	-0.14	-0.32	-0.5	-1.16	-2.28	-2.04	-0.58	-1.24	-2.5	-0.22	-0.6	-1.14	-2.44	-1.82	-1.6
2	-0.54	-0.22	-0.8	-1.04	-2.28	-0.12	-0.46	-1.64	-0.62	-1.52	-1.14	-0.38	-0.88	-1.7	-1.02	-0.56	-0.7	-2.48	-1.16	-1.22
2	-0.42	-0.78	-0.68	-0.96	-1.96	-0.56	-0.66	-1.04	-1.44	-1.36	-1.22	-0.64	-0.84	-1.9	-1.28	-0.26	-0.52	-2.56	-1.7	-0.98
2	-0.76	-0.4	0.22	-0.76	-2.22	0.12	-0.34	-0.88	-0.7	-1.88	-1.66	-0.48	-1	-1.64	-1.66	0.06	-0.52	-2.24	-1.06	-1.48
2	-0.3	-0.44	-0.86	-1.56	-1.96	-0.16	-0.82	-1.6	-1.28	-1.36	-0.9	-0.6	-0.36	-2.02	-0.7	-0.44	-0.3	-2.12	-1.56	-0.9
2	-0.66	-1.42	-0.98	-0.78	-2.98	-0.26	-0.64	-2.16	-2.1	-1.14	-1.18	-1.2	-0.58	-2.44	-2.44	-0.78	-0.78	-3.36	-2.32	-1.1
2	-0.66	-0.86	-0.42	-0.8	-2.12	-0.38	-0.6	-1.08	-1.04	-1.4	-1.22	-0.54	-0.9	-1.86	-1.16	-0.24	-0.34	-2.36	-1.62	-1.02
2	-1.02	-0.94	-1.4	-1.46	-2.94	-0.76	-0.84	-1.6	-1.56	-1.66	-1.28	-0.98	-1.06	-1.5	-1.98	-0.82	-0.8	-2.16	-1.38	-1.26
2	-0.14	-0.32	-0.76	-0.98	-2.02	0.02	-0.3	-1.34	-1.3	-1.34	-1.18	-0.44	-0.74	-1.86	-1.2	-0.16	-0.36	-2.6	-1.72	-0.98
2	-0.8	-0.76	-1.06	-0.8	-2.24	-0.2	-0.06	-1.88	-1.36	-1.2	-0.98	-0.64	-0.68	-1.58	-1.32	-0.64	-0.52	-2.42	-1.38	-0.8
2	-0.34	-0.64	-0.48	-1.3	-1.88	-0.46	-0.76	-0.84	-1.38	-1.62	-1.18	-0.5	-0.78	-1.78	-1.42	-0.06	-0.32	-2.28	-1.58	-1.16
2	-0.52	-0.28	-0.74	-1.36	-2.22	0.04	-0.56	-1.14	-1.28	-1.88	-1.24	-0.36	-0.9	-1.92	-0.7	-0.46	-0.46	-1.68	-1.44	-1.4
2	-0.54	-0.48	-0.5	-1.22	-1.98	-0.12	-0.52	-1.44	-1.04	-1.2	-0.96	-0.62	-0.52	-1.84	-1.46	-0.24	-0.32	-2.56	-1.5	-0.8
2	-0.38	-0.12	-0.74	-1.1	-2.16	0.82	0.02	-1.42	-0.74	-1.64	-1.18	-0.18	-0.56	-1.62	-1.52	-0.24	-0.7	-2.1	-1.06	-1.16
2	-1.04	-1.1	-1.08	-1.44	-2.7	-0.54	-0.92	-1.96	-2	-0.96	-1.02	-0.84	-0.84	-1.74	-2.28	-1.08	-0.94	-2.4	-1.68	-0.58
2	-0.64	0.04	-0.74	-0.8	-2.42	-0.3	-0.44	-1.54	-1.12	-1.24	-1.32	-0.28	-0.92	-1.6	-1.9	-0.14	-0.16	-2.62	-1.22	-0.96
2	-0.54	-0.26	-0.68	-1.08	-2.48	0	-0.24	-0.86	-1.02	-1.74	-1.64	-0.36	-1.04	-1.7	-1.56	-0.4	-0.76	-2.42	-1.42	-1.46
2	-0.62	-0.8	-0.82	-1.18	-2.24	-0.02	-0.42	-1.88	-1.26	-1.1	-1.06	-0.8	-0.54	-1.72	-1.74	-0.58	-0.46	-2.2	-1.32	-0.8
2	-0.88	-0.42	-0.8	-1.42	-2.26	0.16	-0.54	-1.82	-0.56	-1.38	-1.34	-0.56	-0.76	-1	-1.78	-0.28	-0.56	-1.8	-0.4	-1.28
2	-0.18	-0.42	-0.78	-1.16	-1.94	-0.48	-0.68	-1.06	-1.26	-1.34	-1.3	-0.56	-0.86	-1.94	-1.02	-0.1	-0.18	-2.56	-1.7	-0.94
2	-0.66	-0.86	-1.36	-1.32	-2.08	-0.32	-0.8	-1.94	-1.46	-0.68	-0.76	-0.96	-0.42	-1.74	-1.58	-0.84	-0.68	-2.48	-1.42	-0.46
2	-0.9	-0.76	-0.96	-1.28	-2.4	-0.26	-0.78	-1.8	-0.92	-1.16	-1.22	-0.68	-0.82	-1.24	-1.92	-0.72	-0.8	-2.08	-0.86	-0.84
2	-0.92	-0.66	-0.94	-1.28	-2.44	-0.16	-0.74	-1.82	-0.9	-1.24	-1.28	-0.62	-0.86	-1.3	-1.96	-0.7	-0.82	-2.14	-0.9	-0.9
2	-0.22	-1.32	-1.4	-1.6	-1.9	-0.86	-1.18	-0.8	-1.66	-1.38	-1.18	-1.2	-0.82	-1.88	-1.12	-0.5	-0.9	-1.8	-1.58	-1.02
2	-0.64	-0.7	-1	-0.9	-2.24	-0.52	-0.56	-1.64	-1.4	-1.2	-1.06	-0.68	-0.72	-1.62	-2.1	-0.56	-0.52	-2.7	-1.4	-0.96
2	-0.2	-1.22	-0.46	-0.68	-1.4	-0.76	-0.76	-0.7	-1.52	-1.48	-1.72	-0.54	-1.14	-1.96	-1.28	0.04	0.2	-2.54	-1.76	-1.06
2	-0.4	-0.84	-0.86	-1.36	-1.28	-0.22	-0.66	-1.36	-1.44	-1.5	-1.24	-0.34	-0.62	-1.9	-1.44	-0.12	-0.46	-1.78	-1.4	-1.04
2	-0.6	-0.7	-0.52	-1.08	-1.52	-0.38	-0.76	-1.64	-1.28	-1.14	-1.1	-0.58	-0.6	-1.76	-1.6	-0.24	0.06	-2.42	-1.3	-0.8
2	-0.66	-0.72	-0.58	-1.08	-2.08	-0.16	-0.02	-2.1	-0.98	-1.1	-1	-0.32	-0.7	-1.54	-1.38	0	-0.24	-2.34	-0.9	-0.8
2	-0.7	-1.04	-1.72	-2.06	-3.24	-0.96	-0.88	-2.54	-2.46	-1.42	-1.38	-0.94	-0.84	-2.98	-3.28	-1.24	-0.88	-3.86	-2.76	-1.3
2	-2.34	-1.52	-1.98	-2.24	-4.5	-1.62	-1.98	-3.3	-2.74	-1.36	-1.72	-1.5	-2	-2.48	-3.48	-1.74	-1.14	-4.16	-2.72	-1.44
2	-0.34	-0.62	-0.6	-0.92	-1.84	0.02	-0.6	-1.4	-1.12	-1.4	-1.08	-0.58	-0.82	-1.66	-1.12	0.04	-0.24	-2.22	-1.4	-1.14
2	-1.28	-0.9	-1.12	-1.72	-3.14	-1.06	-1.22	-2.04	-1.98	-1.3	-1.34	-0.98	-1.16	-2.24	-1.94	-0.82	-0.7	-3.24	-2.38	-1.1
2	-0.32	-1.72	-1.6	-2.48	-1.06	-1.32	-1.86	-1.3	-1.92	-0.72	-0.4	-1.6	-0.4	-1.48	-1.66	-0.52	-0.36	-2.34	-1.18	-0.56
2	-0.98	-0.56	-0.88	-1.04	-2.4	-0.8	-0.84	-1.54	-1.36	-1.16	-1.28	-0.64	-0.78	-1.52	-1.94	-0.72	-0.86	-2.6	-1.3	-1.18
2	-0.44	-0.98	-0.56	-1	-1.9	-0.58	-0.7	-1.14	-1.52	-1.34	-1.16	-0.44	-0.74	-1.9	-1.02	-0.04	-0.4	-2.66	-1.68	-0.96
2	-0.26	-0.96	-0.84	-1.36	-1.98	-0.74	-1	-0.94	-1.46	-1.06	-1.08	-0.72	-0.76	-1.82	-0.96	-0.32	-0.18	-2.72	-1.64	-0.64
2	-0.5	-0.82	-0.66	-1.14	-2.06	-0.38	-0.64	-1.06	-1.36	-1.22	-1.42	-0.48	-1.06	-1.94	-1.64	-0.12	-0.42	-2.76	-1.72	-0.9
2	-0.54	-1.7	-1.48	-1.98	-1.78	-1.36	-1.54	-1.64	-1.98	-0.06	-0.32	-1.28	-0.24	-1.32	-2.28	-0.58	-0.44	-2.4	-1.52	-0.28
2	-0.9	-1.2	-0.66	-1.14	-2.26	-0.5	-0.56	-1.44	-0.62	-1.36	-1.24	-0.76	-0.78	-1.06	-2.2	-0.5	-0.76	-2.12	-0.36	-1.12
2	-1.72	-1.52	-1.78	-2.34	-4.38	-1.8	-2.06	-2.9	-2.82	-1.66	-1.92	-1.56	-1.88	-2.6	-3	-1.34	-1.04	-4.24	-2.92	-1.42
2	-0.46	-0.66	-0.76	-0.98	-2.02	0.12	0.02	-1.72	-1.18	-0.96	-0.72	-0.5	-0.26	-1.88	-1.72	-0.26	-0.24	-2.54	-1.56	-0.48
2	-1.88	-1.22	-1.54	-2	-3.74	-1.42	-1.78	-2.38	-2.16	-1.3	-1.52	-1.34	-1.58	-2.34	-2.62	-1.18	-1	-3.68	-2.18	-1.24
2	-0.12	-0.76	-1.18	-1.5	-2	-0.24	-0.54	-1	-1.22	-1.44	-1.34	-0.34	-0.68	-1.84	-0.76	-0.26	-0.48	-1.86	-1.44	-1
2	-0.64	-2.58	-2.34	-2.54	-2.56	-1.76	-1.98	-2.32	-2.54	0	-0.3	-2.28	0.34	-1.4	-2.96	-1.2	-0.94	-3	-1.7	-0.34
2	-0.4	-0.62	-1.06	-1.24	-2.12	-0.16	-0.68	-1.64	-1.22	-1.32	-1.16	-0.64	-0.76	-1.8	-1.92	-0.42	-0.4	-2.68	-1.46	-1.06
2	-0.42	-0.76	-1.02	-1.18	-2.3	-0.46	-0.5	-1.7	-1.86	-0.8	-1.02	-0.62	-0.58	-2.42	-2.36	-0.7	-0.56	-3.28	-2.14	-0.78
2	-0.54	-0.56	-1.28	-1.74	-1.68	-0.64	-1.08	-2.06	-1.32	-0.94	-0.66	-0.64	-0.42	-1.38	-1.42	-0.58	-0.64	-2.14	-1.12	-0.84
2	-0.8	-1.14	-0.78	-1.18	-2.12	-0.92	-0.98	-1.92	-1.16	-0.94	-1.06	-1.12	-0.7	-1.38	-1.84	-0.36	-0.06	-2.28	-1.2	-0.72
2	-0.96	-2.78	-2.74	-2.96	-3.12	-2.08	-2.3	-2.36	-2.86	-0.04	-0.52	-2.46	0.44	-1.46	-3.28	-1.74	-1.26	-3.38	-2	-0.38
2	-0.66	-0.22	-0.78	-1.24	-2.22	-0.1	-0.34	-1.62	-0.96	-1.02	-0.98	0.08	-0.64	-1.66	-1.28	-0.42	-0.66	-2.58	-1.38	-0.84
2	0	-0.12	-0.98	-1.12	-1.88	-0.08	-0.6	-1.28	-1.14	-1.32	-1.14	-0.48	-0.68	-2.02	-1.34	-0.32	-0.52	-2.42	-1.68	-0.88
2	-0.34	-0.62	-0.6	-0.72	-1.84	0.02	-0.44	-1.44	-1.12	-1.4	-1.18	-0.52	-0.86	-1.68	-1.02	0	-0.22	-2.2	-1.26	-1.28
2	-2	-1.42	-1.78	-2.36	-4.34	-1.8	-2.3	-2.92	-2.74	-1.84	-1.98	-1.64	-2.04	-2.48	-3.1	-1.44	-1.18	-4.06	-2.64	-1.58
2	-0.94	-1.52	-2.06	-2.5	-2.04	-1.06	-1.62	-2.52	-1.9	0.2	0.22	-1.44	1.14	-0.54	-2.14	-1.32	-0.9	-1.96	-0.82	0.08
2	-1.16	-1.16	-1.52	-1.54	-2.46	-0.76	-0.78	-2.02	-1.32	-1.08	-0.76	-0.94	-0.7	-1.02	-1.82	-1.1	-0.82	-2.32	-1	-1.14
2	-1.18	-0.2	-0.32	-0.66	-2.54	-0.24	-0.28	-2.18	-0.9	-0.96	-1.1	-0.18	-0.66	-1.92	-1.84	-0.76	-0.74	-2.82	-1.28	-0.98
2	-0.6	-2.3	-2.14	-2.36	-2.56	-1.6	-1.92	-2.36	-2.3	0	-0.24	-2.02	0.34	-1.2	-2.86	-1.14	-0.82	-3.02	-1.58	-0.3
2	-0.7	-1	-1.08	-1.66	-2.52	-1.16	-1.14	-1.34	-1.94	-1.02	-1.14	-0.9	-1.1	-1.86	-1.84	-0.38	0.06	-2.88	-1.98	-0.7
2	-0.94	-0.86	-0.82	-0.96	-2.38	-0.72	-0.7	-1.82	-1.7	-1	-1.26	-0.62	-0.96	-1.98	-2.06	-0.74	-0.34	-2.98	-1.52	-0.82
2	-0.5	-1.78	-1.62	-2.3	-1.5	-1.4	-1.76	-1.8	-1.5	-0.08	-0.2	-1.46	-0.1	-0.68	-2.06	-0.58	-0.3	-1.94	-0.74	-0.02
2	-1.08	-2.02	-1.88	-2.74	-1.96	-1.56	-2.04	-1.6	-1.66	-0.12	-0.26	-1.78	-0.2	-0.64	-2.46	-1.14	-0.88	-2	-0.78	-0.44
2	-0.5	-1.9	-2.02	-2.78	-1.82	-1.62	-2.12	-1.82	-2.1	0.04	-0.34	-1.72	0.06	-0.76	-1.96	-0.92	-0.32	-2.2	-1.04	-0.02
3	-1.4	-1.62	-1.42	-1.68	-3.24	-1.48	-1.12	-2.32	-2.32	-1.04	-1.52	-1.16	-1.48	-2.68	-2.84	-1.44	-1.34	-4.08	-2.6	-0.76
3	-0.26	-1.06	-0.48	-0.82	-1.48	-0.48	-0.54	-1.34	-1	-1.52	-1.44	-0.7	-1	-1.8	-0.98	0.34	-0.16	-2.58	-1.38	-1.2
3	-1.08	-1.36	-1.2	-1.22	-2.04	-0.94	-0.98	-1.8	-1.88	-0.86	-0.98	-0.74	-0.74	-2	-2.16	-0.94	-0.82	-2.92	-1.92	-1.02
3	-0.72	-1.42	-1.42	-1.22	-1.7	-0.34	-0.64	-1.82	-1.22	-1.5	-1.38	-1.2	-1.04	-1.7	-1.56	-0.86	-1	-1.8	-1.28	-1.28
3	-0.34	-1.22	-1.56	-1.62	-1.48	-0.46	-0.86	-2.06	-1.36	-0.98	-0.74	-1.24	-0.5	-1.6	-1.86	-0.76	-0.58	-2.32	-1.32	-0.78
3	-0.58	-0.7	-0.78	-1.42	-1.68	-0.24	-0.64	-1.68	-1.32	-1.22	-0.98	-0.38	-0.52	-1.82	-1.14	-0.36	-0.4	-2.5	-1.32	-0.82
3	-0.76	-0.56	-1.18	-1.06	-2.28	-0.6	-0.42	-1.88	-1.16	-1.42	-1.58	-0.54	-1.2	-2	-2.38	-0.82	-1	-2.88	-1.54	-1.16
3	-0.26	-0.62	-0.58	-1.04	-2.08	0.22	-0.26	-1.52	-0.92	-1.16	-1.16	-0.24	-0.52	-1.62	-1.84	-0.02	-0.22	-2.32	-1.4	-0.96
3	-0.18	-0.3	-1.36	-1.54	-1.7	-0.02	-0.44	-1.42	-1.24	-1.42	-1.06	-0.78	-0.62	-1.78	-1.66	-0.58	-0.8	-2.5	-1.54	-1.22
3	-0.16	-0.68	-1.36	-1.54	-1.58	-0.52	-0.72	-1.08	-1.44	-1.4	-1.06	-0.96	-0.58	-1.62	-1.28	-0.6	-0.8	-1.78	-1.38	-1.16
3	-0.92	-0.06	-1.14	-1.06	-2.76	-0.44	-0.72	-2.02	-1.66	-1.28	-1.22	-0.4	-1.04	-2.18	-1.82	-0.72	-0.22	-3.04	-2	-1.04
3	-0.72	-0.86	-1.4	-1.52	-2.02	-0.26	-0.48	-2.34	-1.02	-1.18	-0.92	-0.68	-0.46	-1.36	-1.82	-0.68	-0.6	-1.98	-0.72	-0.98
3	-0.44	-0.76	-1.2	-1.56	-1.96	-0.42	-0.86	-0.94	-0.44	-1.36	-1.12	-0.88	-0.7	-1.48	-2.04	-0.76	-0.9	-1.92	-1.06	-0.98
3	-0.66	-0.14	-0.76	-1.58	-1.8	-0.28	-0.76	-1.96	-1.04	-1.08	-0.82	-0.54	-0.46	-1.62	-1.98	-0.76	-0.4	-2.6	-1.38	-0.96
3	-0.66	0.18	-0.82	-1.36	-2.42	-0.32	-0.74	-1.54	-1.36	-1.3	-1.26	-0.38	-0.68	-2.06	-1.86	-0.44	-0.48	-2.74	-1.6	-1.22
3	-0.54	0	-0.7	-1.54	-2.18	0.08	-0.54	-1.82	-1.04	-1.12	-0.98	-0.48	-0.24	-1.76	-2	-0.62	-0.6	-2.66	-1.54	-0.88
3	-0.44	-0.08	-0.96	-1.58	-1.9	-0.18	-0.88	-1.48	-1.2	-1	-0.7	-0.44	-0.44	-1.5	-1.34	-0.5	-0.24	-2.5	-1.42	-0.66
3	-0.34	-0.14	-0.86	-1.2	-1.94	0.22	-0.12	-1.74	-0.74	-1.44	-1.16	-0.3	-0.66	-1.98	-1.38	-0.32	-0.62	-2.62	-1.42	-1.1
3	-0.58	-0.38	-0.76	-1.52	-2.28	-0.4	-0.78	-1.7	-1.26	-1.12	-1.1	-0.64	-0.68	-1.84	-2.08	-0.64	-0.52	-2.94	-1.66	-1.02
3	-0.22	-0.68	-0.36	-0.82	-1.94	-0.28	-0.16	-1.26	-1.28	-1.3	-1.18	-0.36	-0.74	-1.78	-1.66	0.1	-0.44	-2.58	-1.66	-0.92
3	-0.68	-1	-1.44	-1.84	-1.64	-0.52	-1.1	-1.78	-1.12	-1.36	-0.92	-1.08	-0.72	-1.56	-1.52	-0.66	-0.76	-2.28	-1.3	-1.18
3	-0.66	-0.86	-0.46	-1.12	-2	-0.3	-0.62	-1.48	-1.14	-1.32	-1.02	-0.74	-0.58	-1.74	-1.18	-0.1	-0.5	-2.34	-1.4	-1.06
3	-0.84	-0.92	-1.22	-1.28	-2.42	-0.62	-0.66	-1.64	-1.38	-0.96	-1.02	-0.58	-0.6	-1.28	-2.14	-0.52	-0.58	-2.3	-1.3	-0.98
3	-0.38	-0.94	-0.96	-1.2	-1.88	-0.2	-0.7	-1.32	-1.42	-0.7	-0.64	-0.6	0.08	-1.74	-1.56	-0.3	0.02	-2.4	-1.6	-0.52
3	-1.04	-1.06	-1.3	-1.36	-1.66	-0.72	-0.96	-2.36	-1.38	-0.96	-0.82	-0.82	-0.72	-1.32	-1.6	-0.86	-0.66	-2.3	-1.22	-1.04
3	-0.18	-0.84	-1.14	-1.38	-1.74	-0.28	-0.58	-1.44	-1.32	-0.96	-0.8	-0.36	-0.24	-1.56	-1.74	-0.3	-0.74	-2.12	-1.22	-0.6
3	-0.26	-0.76	-1.3	-1.8	-1.12	-0.3	-0.82	-1.98	-1.26	-1.1	-0.5	-0.68	-0.46	-1.6	-0.54	-0.44	-0.42	-1.96	-1.38	-0.78
3	-0.38	-0.84	-0.82	-1.18	-2.24	-0.38	-0.4	-1.16	-1.24	-1.34	-1.02	-0.84	-0.74	-2.02	-1.52	-0.62	-0.6	-2.56	-1.7	-0.82
3	-0.64	-0.74	-0.72	-1	-2.12	-0.56	-0.46	-1.52	-1	-1.44	-1.2	-0.62	-0.86	-1.24	-1.6	-0.22	-0.64	-2.14	-1.04	-1.28
3	-0.6	0	-0.68	-1.24	-2.1	0.1	-0.3	-1.92	-1.06	-1.24	-1.18	-0.06	-0.48	-1.64	-1.82	-0.5	-0.48	-2.32	-1.02	-1.04
3	-0.98	0.02	-0.28	-0.54	-2.42	0.9	0.76	-2.1	-0.04	-1.88	-1.38	0.08	-0.68	-1.82	-1.7	-0.48	-0.9	-2.38	-1	-1.52
3	-0.82	-1.72	-2.56	-2.82	-4.12	-1.34	-1.36	-3.4	-1.88	-1.6	-1.9	-1.96	-1.48	-2.42	-2.74	-2.22	-2	-3.88	-2.04	-1.16
3	-0.14	-0.66	-1	-1.34	-1.98	-0.18	-0.64	-1.62	-1.4	-0.84	-0.72	-0.68	-0.2	-1.78	-2	-0.38	-0.2	-2.74	-1.62	-0.66
3	-0.66	-0.96	-0.02	-0.48	-1.46	-0.3	-0.4	-1.26	-0.88	-1.4	-1.46	-0.68	-0.84	-1.76	-1.84	-0.12	-0.78	-2.62	-1.34	-1.2
3	-0.54	-0.04	-0.76	-0.86	-2.12	0.8	0.24	-1.38	-0.74	-1.62	-1.24	-0.36	-0.74	-1.92	-1.52	-0.38	-0.74	-2	-1.3	-1.44
3	-1.12	-1.02	-0.9	-0.96	-1.74	-0.56	-0.56	-2.14	-1.18	-1.3	-1.14	-0.62	-0.8	-1.72	-1.92	-0.68	-0.76	-2.7	-1.26	-1.34
3	-0.74	-0.78	-1.08	-1.28	-1.94	-0.3	-0.72	-2.1	-1.18	-0.78	-0.62	-0.86	-0.3	-1.48	-1.86	-0.7	-0.6	-2.54	-1.34	-0.78
3	-0.34	-0.92	-0.5	-0.96	-1.9	-0.24	-0.72	-1.86	-1.16	-0.82	-0.8	-0.48	-0.2	-1.5	-1.4	-0.16	-0.18	-2.32	-1.22	-0.62
3	-0.78	-0.9	-0.64	-1.5	-1.72	-0.68	-0.94	-1.62	-1.16	-0.76	-0.76	-0.88	-0.52	-1.2	-1.82	-0.62	-0.4	-2.36	-1	-0.7
3	-0.4	-0.58	-0.9	-1.46	-1.9	-0.12	-0.56	-1.12	-0.92	-1.4	-1.16	-0.38	-0.84	-1.54	-1.56	-0.24	-0.44	-1.92	-1.2	-1.16
3	-0.92	-1.38	-0.88	-1.44	-1.78	-0.76	-0.98	-1.74	-1.22	-1.24	-1.34	-1	-0.98	-1.12	-1.94	-0.38	-0.34	-1.82	-0.7	-1.04
3	-0.26	-1.18	-1.5	-1.82	-1.64	-0.52	-0.76	-2.16	-1.48	-0.82	-0.5	-0.82	-0.46	-1.18	-0.84	-0.5	-0.74	-2.32	-1.02	-0.6
3	-0.58	-0.8	-0.94	-1.12	-1.96	-0.48	-0.5	-1.38	-1.3	-1.38	-1	-0.66	-0.76	-1.7	-1.22	-0.5	-0.72	-2.28	-1.32	-1.08
3	-0.42	-0.34	-0.58	-1.08	-2.08	-0.22	-0.24	-1.1	-1.18	-1.66	-1.34	-0.14	-0.84	-1.98	-1.38	0.06	-0.6	-2.44	-1.66	-1.22
3	-0.78	-2.26	-2.16	-2.64	-2.36	-1.46	-2.24	-2.1	-2.4	-0.3	0	-1.94	0.46	-1.16	-2.36	-0.98	-0.8	-2.64	-1.8	-0.26
3	-0.86	-2.48	-2.38	-2.84	-2.32	-1.74	-2.42	-2.46	-2.6	0.14	0.28	-2.12	0.7	-1.02	-2.44	-1.18	-0.78	-2.68	-1.86	0.1
3	-1.14	-1.82	-2.06	-2.76	-1.52	-1.68	-2.24	-2.58	-2.08	0.22	0.04	-2.04	-0.2	-0.38	-1.9	-1.12	-0.36	-2.2	-1	-0.08
3	-1.06	-0.3	-1.08	-1.44	-2.3	-0.24	-0.58	-2.1	-0.62	-1.4	-0.82	-0.86	-0.64	-1.68	-1.68	-0.7	-0.52	-2.46	-1.24	-1.22
3	-0.16	-1.24	-1.38	-1.86	-2.08	-0.88	-1.2	-1.5	-1.44	-0.9	-0.72	-1.08	-0.66	-1.72	-0.88	-0.8	-0.64	-2.72	-1.66	-0.56
3	-0.34	-0.76	-0.9	-0.88	-1.84	-0.24	0.12	-1.88	-1.26	-1.12	-0.86	-0.3	-0.5	-1.64	-1.52	-0.16	-0.52	-2.58	-1.52	-0.78
3	-0.54	-0.4	-1.18	-1.4	-2.34	-0.46	-0.5	-1.98	-1.04	-1.1	-1.02	-0.48	-0.66	-1.3	-1.48	-0.76	-0.52	-2.42	-1	-0.9
3	-1.3	-1.78	-1.6	-2.32	-2.04	-1.24	-1.74	-2.48	-1.62	-0.22	-0.26	-1.7	-0.12	-0.52	-1.84	-1.1	-0.56	-2.22	-0.92	-0.46
3	-1.06	-1.26	-1.18	-1.82	-1.76	-0.96	-1.3	-2.48	-1.48	-0.36	-0.46	-1.06	-0.36	-1.34	-2.02	-0.96	-0.26	-2.72	-1.28	-0.4
3	-0.16	-1.14	-1.8	-2.1	-1.48	-1.08	-1.48	-2.34	-2.08	-0.44	-0.22	-1.24	-0.36	-1.68	-1.88	-0.54	-0.06	-2.48	-1.58	-0.2
3	-0.14	-0.9	-1.38	-1.84	-1.76	-0.94	-1.26	-1.5	-1.66	-0.92	-0.76	-0.84	-0.44	-1.96	-0.44	-0.52	-0.28	-2.76	-1.68	-0.48
3	0.08	-1.02	-1.54	-2.22	-1.9	-1.14	-1.2	-0.86	-1.88	-1.22	-1.1	-1.06	-0.9	-2.16	-2	-0.48	-0.58	-2.68	-1.62	-0.84
3	-1	-1.32	-1.62	-2.16	-2.24	-1.24	-1.56	-1.4	-2.08	-1.02	-0.88	-1.4	-0.66	-1.74	-2.18	-1.06	-0.84	-1.68	-1.6	-1.06
3	-1.34	-1.68	-1.78	-2.46	-1.94	-1.38	-1.78	-2.62	-1.8	-0.36	-0.18	-1.7	0.02	-0.48	-2.36	-1.24	-0.66	-1.84	-0.72	-0.42
3	-0.46	-0.9	-1.02	-1.74	-2	-0.78	-1.1	-1.74	-1.62	-0.9	-1.14	-0.56	-0.56	-1.32	-1.7	-0.48	-0.34	-2.42	-1.34	-0.6
3	-0.36	-0.72	-1.04	-1.48	-1.82	-0.46	-0.7	-1.48	-1.32	-1.26	-1	-0.56	-0.7	-1.72	-1.44	-0.32	-0.08	-1.88	-1.26	-0.84
3	-0.48	-1.58	-1.5	-2.12	-1.64	-1.28	-1.42	-2.46	-1.14	-0.3	-0.4	-1.52	-0.32	-0.48	-1.76	-0.58	-0.42	-2.22	-0.5	-0.28
3	-0.56	-1.7	-1.82	-2.28	-2.18	-1.3	-1.72	-2	-1.72	0.14	-0.2	-1.14	-0.06	-0.44	-1.9	-0.86	-0.86	-2.14	-0.9	-0.16
3	0.18	-0.96	-1.1	-1.44	-1.64	-0.78	-0.92	-1.34	-1.06	-1.26	-0.96	-0.94	-0.74	-1.5	-1.16	-0.08	-0.66	-2.4	-1.34	-1.06
3	-0.52	-0.46	-1	-0.98	-1.92	-0.48	-0.62	-1.68	-0.94	-1.56	-1.16	-0.52	-0.88	-1.8	-0.66	-0.42	-0.62	-2.6	-1.42	-1.32
3	-0.7	0.16	-0.68	-0.76	-2.32	0.34	0.64	-1.76	-0.62	-1.94	-1.48	0	-0.94	-1.94	-1.58	-0.36	-0.72	-2.3	-1.44	-1.6
3	-0.24	0.08	-0.4	-0.24	-2.2	0.58	0.26	-1.1	-0.96	-1.98	-1.74	-0.12	-1.06	-2.32	-1.3	-0.2	-0.6	-2.64	-1.72	-1.36
3	-0.5	-1.12	-1.04	-1.02	-1.92	-0.32	-0.36	-1.84	-0.72	-0.94	-1	-0.96	-0.74	-1.54	-1.88	-0.4	-0.26	-2.54	-1.16	-0.68
3	-0.5	-1.38	-1.06	-1.1	-1.82	-0.68	-0.78	-1.46	-0.74	-1.32	-1.34	-1.28	-0.92	-1.34	-1.96	-0.66	-0.74	-1.82	-0.74	-1.1
3	-0.46	-0.56	-0.98	-1.38	-1.8	-0.1	-0.6	-1.84	-0.9	-1.2	-1.18	-0.42	-0.44	-1.3	-1.44	-0.5	-0.68	-2.18	-0.8	-0.9
3	-0.92	-1.06	-0.52	-0.7	-2.14	-0.34	-0.24	-1.26	-1.18	-1.42	-1.16	-0.7	-0.78	-1.5	-1.72	-0.46	-0.58	-2.26	-1.36	-1.32
3	0.32	-1.16	-1.42	-1.4	-1.66	-0.96	-1	-0.94	-1.64	-1.2	-1.24	-1.08	-0.72	-1.5	-0.94	-0.26	-0.62	-2.36	-1.5	-0.78
3	-0.92	-1.32	-1.08	-1.7	-2.02	-0.88	-1.08	-1.98	-0.72	-0.98	-0.5	-1.14	-0.3	-1	-2.12	-0.86	-0.78	-2.02	-0.44	-0.96
3	-0.28	-0.94	-1.34	-1.56	-1.74	-0.64	-0.82	-1.16	-1.6	-0.98	-0.94	-0.98	-0.68	-1.9	-1.42	-0.64	-0.74	-2.72	-1.7	-0.78
4	-0.6	-1.28	-1.32	-1.36	-2.16	-0.74	-0.76	-1.94	-1.44	-0.72	-0.72	-0.8	-0.6	-1.24	-1.94	-0.62	-0.44	-2.22	-1.16	-0.62
4	-0.4	-0.38	-0.74	-1.18	-2.02	0.02	-0.1	-1.64	-1.3	-1.22	-0.98	-0.02	-0.46	-1.78	-1.64	0	-0.16	-2.44	-1.48	-0.78
4	-0.88	-0.78	-0.48	-1.12	-2.1	-0.28	-0.46	-1.48	-0.96	-1.62	-1.32	-0.32	-0.66	-0.98	-1.76	-0.04	-0.42	-1.5	-0.7	-1.38
4	-0.74	-1.52	-1.1	-1.38	-2.64	-1.08	-1.02	-2.14	-1.46	-0.78	-1.04	-0.94	-0.88	-2.12	-2.16	-0.6	-0.64	-2.98	-1.78	-0.8
4	-0.1	-1.7	-0.96	-1.94	-2.42	-1.48	-1.7	0	-1.66	-1.96	-1.84	-1.46	-1.38	-1.86	-2.6	-0.06	-0.56	-2.14	-1.78	-1.5
4	-0.36	-0.9	-0.62	-0.24	-2.12	-0.48	-0.28	-1.3	-1.1	-1.6	-1.38	-0.76	-0.88	-2.06	-1.5	0.02	-0.4	-3.02	-1.86	-1.34
4	-0.76	-0.64	-0.8	-0.96	-2.18	-0.26	-0.22	-1.58	-1.44	-1.3	-1.02	-0.1	-0.66	-1.72	-1.64	-0.34	-0.78	-2.38	-1.56	-1.04
4	-0.68	-0.5	-0.42	-1.16	-2.22	-0.22	-0.52	-1.64	-0.72	-1.32	-1.46	-0.48	-0.8	-1.48	-1.7	-0.4	-0.44	-2.5	-1	-1.1
4	-0.36	-1.06	-0.72	-0.24	-2.1	0	0.24	-1.56	-1.36	-1.28	-1.44	-0.54	-0.88	-2.14	-0.96	-0.12	-0.4	-2.72	-1.74	-0.68
4	-0.9	-0.74	-0.46	-0.94	-2.22	-0.2	-0.16	-1.88	-1.04	-1.22	-0.86	-0.18	-0.52	-1.44	-1.68	-0.32	-0.66	-2.44	-1.22	-1.02
4	-0.52	-0.62	-0.92	-1.32	-2.24	-0.24	-0.28	-1.56	-0.74	-1.52	-1.2	-0.24	-1	-1.92	-1.94	-0.56	-0.64	-2.24	-0.9	-1.32
4	-0.98	-0.66	-1	-1.54	-3.22	-0.94	-1.44	-2.06	-1.8	-1.38	-1.72	-0.86	-1.4	-2.26	-1.64	-1	-0.82	-3.4	-1.94	-1.2
4	-0.76	-0.64	-0.58	-1.34	-2.04	-0.64	-0.76	-2.16	-1.12	-1.1	-1.3	-0.42	-0.88	-1.48	-1.9	-0.56	-0.62	-2.64	-1.14	-0.92
4	-0.64	-0.42	-0.36	-0.3	-2.32	0.5	0.62	-1.38	-0.6	-1.84	-1.82	-0.28	-1	-2.04	-1.1	-0.38	-0.76	-2.38	-1.44	-1.28
4	0.16	-1.54	-1.82	-1.98	-1.58	-1.14	-1.46	-1.96	-1.96	-0.14	-0.06	-1.5	0	-1.38	-1.7	-0.66	-0.18	-2.74	-1.4	0.14
4	-0.64	-1.96	-1.66	-2.08	-2.3	-1.02	-1.56	-2.2	-2.18	-0.08	0.1	-1.82	0.32	-1.22	-2.38	-1.04	-0.66	-2.84	-1.84	-0.2
4	-0.62	-1.12	-1.28	-1.2	-2.22	-0.7	-0.84	-1.7	-1.56	-1.08	-1.1	-1.24	-0.8	-1.8	-1.92	-0.84	-0.6	-2.64	-1.48	-0.92
4	-0.7	-1.54	-0.74	-1.42	-3.08	-1.06	-1.3	-1.88	-2.04	-1.24	-1.9	-1.4	-1.38	-2.46	-2.22	-0.5	-0.3	-3.56	-2.12	-1.18
4	-0.52	-0.84	-1.02	-1.28	-2.22	-0.52	-0.88	-1.62	-1.36	-1.16	-1.3	-0.92	-1.06	-1.74	-0.46	-0.52	-0.44	-1.98	-1.14	-0.72
4	-0.9	-0.76	-0.94	-1.36	-2.16	-0.66	-0.9	-2.06	-0.78	-0.82	-1.06	-0.92	-0.76	-1.64	-1.92	-0.72	-0.42	-2.44	-1.02	-0.62
4	-0.86	-1.78	-2.22	-2.62	-2.12	-1	-1.56	-2.52	-1.8	0.14	0.18	-1.36	0.68	-0.74	-2.2	-1.1	-0.7	-2.06	-1.02	-0.14
4	-0.76	-2.42	-2.18	-2.4	-2.52	-1.38	-1.98	-1.76	-2.16	-0.44	-0.52	-2.16	0.18	-1.68	-2.56	-1.26	-0.96	-3.2	-1.76	-0.42
4	-0.08	-0.62	-0.92	-1.46	-1.88	-0.74	-1.16	-0.78	-1.28	-1.1	-1.22	-0.78	-0.74	-1.78	-1.42	-0.34	-0.6	-2.44	-1.46	-0.68
4	-0.26	-0.16	-0.58	-0.9	-2.06	0.72	0.04	-1.66	-0.68	-1.46	-1.06	-0.04	-0.38	-1.78	-1.22	-0.38	-0.68	-2.2	-1.3	-1.04
4	-0.6	-2.54	-2.32	-2.66	-2.62	-1.78	-2	-2.32	-2.62	-0.06	-0.36	-2.3	0.32	-1.34	-2.98	-1.22	-0.88	-2.98	-1.68	-0.32
4	-0.22	-0.76	-1.42	-1.36	-2.02	-0.52	-0.68	-1	-1.52	-1.5	-1.46	-0.64	-1.28	-2.4	-1.86	-0.6	-0.7	-2.84	-2.06	-0.94
4	-0.62	-1.06	-1.04	-1.52	-3.3	-0.84	-1.3	-1.94	-2.2	-1.22	-1.78	-1.24	-1.28	-2.4	-2.02	-0.64	-0.52	-3.4	-2.08	-1.16
4	-0.18	-0.9	-1.32	-1.3	-2.24	-0.66	-0.7	-1.58	-1.36	-0.96	-1.34	-0.42	-1	-1.62	-0.56	-0.44	-0.62	-2.68	-1.46	-0.74
4	-0.12	-0.62	-0.7	-1.36	-2	0.12	-0.72	-1.34	-1.28	-1.26	-1.14	-0.42	-0.32	-1.86	-1.74	-0.12	-0.14	-2.6	-1.52	-0.98
4	-0.6	-0.26	-0.68	-1.46	-2.22	0.58	-0.52	-1.78	-0.72	-1.14	-0.76	-0.48	-0.28	-1.48	-2.06	-0.4	-0.44	-2.12	-1	-0.78
4	-0.68	-1	0.22	-0.4	-2.26	-0.16	-0.34	-0.62	-0.98	-2.02	-1.76	-0.52	-1	-2.12	-0.72	0.04	-0.7	-2.64	-1.78	-1.6
4	-0.6	-1.18	-1.14	-1	-1.74	-0.84	-0.6	-1.68	-1.46	-1.24	-1.04	-0.9	-0.78	-1.26	-1.98	-0.66	-0.52	-2.48	-1.08	-1.08
4	-0.7	-1	-1.58	-2.18	-1.68	-1	-1.42	-1.84	-1.2	-1.12	-0.74	-0.8	-0.84	-0.38	-1.9	-0.76	-0.92	-0.7	-0.06	-1.16
4	-0.44	-0.66	-2.06	-2.68	-2.3	-1.16	-1.84	-1.96	-1.72	-1.02	-1	-0.98	-0.54	-0.62	-2.08	-0.78	-0.98	-1.84	-0.64	-1.02
4	-0.36	-0.28	-0.62	-0.8	-2.08	-0.02	-0.04	-1.18	-0.72	-1.24	-1.42	-0.38	-0.88	-1.88	-1.4	-0.26	-0.28	-2.52	-1.26	-0.8
4	-0.56	-1.18	-1.18	-1.54	-1.66	-0.68	-1	-1.7	-1.44	-1.16	-1.16	-0.94	-0.72	-1.54	-1.9	-0.44	-0.34	-2.2	-1.08	-0.78
4	-0.9	-0.98	-1.04	-2.02	-3.02	-0.46	-1.38	-2.1	-1.86	-1.44	-1.56	-1.16	-0.92	-2.18	-1.92	-0.88	-0.6	-3.26	-1.98	-1.26
4	-0.48	-0.34	-0.52	-1.08	-2.04	-0.34	-0.6	-1.1	-0.74	-2.08	-2.02	-0.48	-1.24	-2.06	-1.1	-0.38	-0.36	-2.32	-1.52	-1.62
4	-0.76	-0.52	-0.76	-0.76	-2.4	0.2	-0.3	-1.28	-0.98	-1.42	-1.26	-0.28	-0.88	-1.64	-1.86	-0.5	-0.54	-2.36	-1.28	-1.16
4	-0.72	-0.82	-0.74	-0.9	-2.12	-0.48	-0.26	-1.66	-0.98	-1.34	-1.18	-0.42	-0.86	-1.18	-1.68	-0.26	-0.5	-2.2	-0.92	-1.1
4	-1.2	-0.64	-1.14	-0.78	-2.68	-0.64	-0.22	-2.12	-1	-1.18	-1.16	-0.56	-0.8	-1.16	-2	-1.14	-0.98	-2.16	-0.76	-1.1
4	-0.34	-1.14	-0.96	-1.02	-1.64	-0.44	-0.4	-1.54	-1.38	-0.88	-1	-0.66	-0.66	-1.58	-1.78	-0.18	-0.58	-2.28	-1.16	-0.56
4	-0.04	-1.1	-1.16	-1.54	-1.6	-0.56	-0.64	-1.42	-1.52	-1.02	-1.06	-0.7	-0.68	-1.14	-1.6	-0.16	-0.34	-2.4	-1.18	-0.7
4	-0.76	-0.88	0	-0.5	-1.92	-0.34	-0.22	-1.52	-0.96	-1.34	-1.46	-0.5	-0.96	-1.38	-1.64	0	-0.18	-2.42	-1.12	-1
4	-0.6	-0.7	-0.68	-0.84	-2.08	-0.12	-0.2	-1.8	-0.98	-1.06	-0.98	-0.3	-0.54	-1.88	-1.6	-0.26	-0.38	-2.7	-1.4	-0.84
4	-0.28	-0.88	-0.62	-1.2	-1.7	-0.48	-0.82	-1.32	-1.36	-1.1	-0.78	-0.88	-0.6	-1.44	-1.82	-0.1	-0.18	-2.2	-1.26	-0.78
4	-2.06	-2.1	-1.62	-2.74	-4.04	-2.36	-2.98	-3.12	-2.64	-2.4	-2.78	-2.18	-1.78	-2.76	-3.52	-1.64	-1.6	-4.06	-1.86	-2.78
4	0.1	-1.82	-0.84	-1.6	-1.64	-1.28	-1.54	-0.68	-1.68	-0.86	-0.92	-1.38	-0.74	-1.86	-1.58	-0.12	-0.04	-2.8	-1.8	-0.66
4	-0.5	-0.52	-0.02	-0.56	-2.2	0.24	0.26	-1.38	-0.66	-1.74	-1.66	-0.26	-0.94	-2.02	-1.2	0.24	-0.3	-2.58	-1.44	-1.26
4	-0.86	-0.36	-0.62	-1.08	-2.1	-0.28	-0.32	-1.96	-1.16	-1.24	-1.22	-0.34	-0.72	-1.66	-1.26	-0.38	-0.66	-2.7	-1.46	-1.1
4	-0.68	-0.16	-0.12	-0.18	-2.44	0.16	0.62	-1.44	-0.74	-2.08	-1.82	0.26	-1.2	-2.32	-1.18	0.14	-0.54	-2.68	-1.78	-1.62
4	-0.8	-1	-0.7	-1.16	-2.04	-0.28	-0.44	-2.16	-1.14	-0.84	-0.7	-0.6	-0.32	-1.26	-1.6	-0.52	-0.58	-2.12	-0.88	-0.64
4	-0.12	-0.42	-0.88	-1.08	-2.1	0.02	0.08	-1.3	-1.2	-1.48	-1.48	-0.22	-0.88	-1.92	-1.14	-0.18	-0.36	-2.38	-1.42	-0.76
4	-0.74	-1.12	-0.06	-0.64	-2.08	-0.82	-0.66	-1.28	-0.98	-1.54	-1.58	-0.8	-1.16	-1.5	-1	-0.12	-0.24	-2.56	-1.26	-1.24
4	-0.4	-0.74	-0.76	-1.22	-1.56	-0.54	-0.5	-1.52	-1.28	-1.22	-1.02	-0.46	-0.62	-1.78	-1.52	-0.26	-0.6	-2.4	-1.6	-0.98
4	-0.38	-0.98	-0.52	-1	-1.92	-0.24	-0.24	-1.54	-1.04	-1.18	-0.96	-0.54	-0.58	-1.44	-1.58	0.14	-0.54	-2.36	-1.16	-0.96
4	-1.16	-0.46	-0.5	-1.12	-2.58	0.06	-0.04	-2.08	-0.04	-1.32	-1.46	-0.14	-0.46	-1.22	-1.8	-0.82	-1.06	-2.26	-0.58	-1.16
4	-0.78	-0.72	-0.3	-0.68	-2.38	0.04	-0.12	-1.5	-0.76	-1.4	-1.44	-0.44	-0.84	-1.5	-1.44	-0.58	-0.82	-2.48	-1.24	-1.18
4	-0.36	-0.74	-0.52	-0.94	-1.74	-0.32	-0.28	-1.24	-1.14	-1.36	-1.46	-0.42	-0.7	-1.5	-1.12	0.24	-0.42	-2.32	-1.24	-1.22
4	-0.18	-1.16	-1.1	-1.36	-1.7	-0.38	-0.72	-1.56	-1.48	-0.94	-0.7	-0.76	-0.4	-1.74	-1.22	-0.24	-0.38	-2.32	-1.42	-0.56
4	-0.44	-0.82	-0.36	-1.1	-1.96	-0.36	-0.44	-1.18	-0.76	-1.56	-1.4	-0.48	-0.78	-1.76	-1.2	0.16	-0.3	-2.28	-1.32	-1.2
4	-0.6	-0.54	-0.42	-0.76	-2.02	0.1	0.16	-1.72	-0.96	-1.48	-1.44	-0.12	-0.76	-1.82	-1.26	0.1	-0.32	-2.58	-1.38	-1.02
4	-0.64	-0.56	-0.58	-0.7	-2.26	-0.08	0.08	-1.88	-0.98	-1.58	-1.32	-0.16	-0.72	-1.48	-1.06	-0.18	-0.68	-2.46	-1.18	-1.28
4	-0.56	-0.84	-0.6	-1.06	-1.76	-0.38	-0.48	-1.7	-1.22	-1.26	-1.14	-0.56	-0.68	-1.7	-1.04	0.02	0.06	-2.48	-1.42	-0.88
4	-0.24	-0.76	-0.7	-0.86	-2.06	-0.12	-0.1	-1.28	-1.26	-1.74	-1.54	-0.36	-0.86	-1.96	-0.54	0.14	-0.44	-2.5	-1.64	-1.22
4	-0.52	-0.44	-0.68	-1.18	-1.92	-0.18	-0.3	-1.98	-0.9	-1.18	-1.12	-0.16	-0.6	-1.86	-1.08	-0.3	-0.72	-2.76	-1.36	-0.88
4	-0.44	-0.52	-0.28	-1	-1.98	-0.02	-0.24	-1.54	-1.12	-1.16	-1.06	-0.24	-0.46	-1.64	-1.72	0.02	-0.42	-2.54	-1.34	-0.8
4	-0.3	-0.58	-0.78	-0.9	-1.98	0.16	-0.14	-1.86	-1.24	-1.26	-1.08	-0.1	-0.32	-1.72	-1.08	-0.12	-0.62	-2.56	-1.4	-0.86
5	-0.16	-1.46	-0.3	-1.1	-1.74	-0.96	-1.16	-0.3	-1.22	-1.24	-1.72	-1.22	-0.82	-1.9	-1.82	-0.12	-0.38	-2.96	-1.72	-0.78
5	-0.44	-1	-0.94	-1.22	-2.2	-0.6	-0.8	-0.94	-1.4	-1.24	-1.5	-0.92	-1.12	-1.68	-0.42	-0.38	-0.7	-2.7	-1.44	-1.14
5	-0.58	-1.36	-1	-1.12	-2.3	-1.06	-1.22	-0.66	-1.46	-1.48	-1.46	-1.32	-1	-1.38	-2.16	-0.46	-0.6	-2.18	-1.32	-1.32
5	-0.12	-0.92	-0.38	-1.08	-1.8	-0.68	-0.72	-0.68	-0.96	-1.5	-1.4	-0.94	-1	-1.18	-1.9	-0.02	-0.56	-2.24	-1.04	-1.14
5	-0.36	-1.14	-0.72	-0.84	-1.54	-0.86	-0.78	-1.24	-1.38	-1.32	-1.44	-1.02	-1.04	-1.84	-1.12	-0.16	-0.2	-2.74	-1.68	-1
5	-0.1	-1.72	-0.92	-1.92	-2.42	-1.48	-1.72	0	-1.68	-1.98	-1.86	-1.58	-1.42	-1.84	-2.64	-0.08	-0.56	-2.16	-1.8	-1.44
5	-0.68	-0.98	-0.76	-1.1	-2.22	-0.74	-0.88	-0.78	-1.16	-1.78	-1.58	-1.02	-1.16	-1.5	-1.32	-0.48	-0.76	-2.08	-1.04	-1.5
5	-0.08	-1.04	-0.62	-1.24	-2.08	-0.84	-1.06	-1.12	-1.02	-1.56	-1.24	-1	-0.86	-1.32	-1.64	-0.16	-0.2	-1.76	-0.84	-1.18
5	-0.54	-0.92	-1.06	-1.66	-2.22	-0.88	-0.94	-1.48	-1.24	-1.12	-1.4	-0.6	-0.88	-1.02	-1.5	-0.62	-0.46	-2.26	-0.76	-0.9
5	-0.16	-0.22	-0.6	-0.88	-2.22	0.24	-0.08	-0.84	-1.22	-1.96	-1.52	-0.36	-1.08	-2.24	-0.46	-0.02	-0.46	-2.64	-1.84	-1.38
5	-0.86	-2.12	-2.06	-2.8	-3.54	-2	-2.76	-1.3	-1.72	-1.94	-1.9	-2.04	-1.56	-1.66	-2.8	-1.28	-1.28	-2.3	-1.5	-1.62
5	0	-0.9	-0.66	-0.94	-1.44	-0.54	-0.58	-0.86	-1.2	-1.82	-1.64	-0.7	-1.14	-1.64	-1.26	0.08	-0.62	-2.24	-1.34	-1.44
5	-0.4	-0.92	-0.96	-1.66	-2.28	-0.68	-1.04	-1.5	-0.9	-1.52	-1.3	-0.82	-0.98	-1.34	-1.92	-0.16	-0.46	-1.78	-0.92	-1.3
5	-0.9	-2.12	-1.84	-2.6	-3.34	-1.9	-2.54	-1.28	-1.68	-1.9	-1.82	-1.72	-1.46	-1.7	-2.84	-1.12	-1.14	-2.42	-1.46	-1.66
5	-0.22	-1.08	-0.4	-1.2	-2	-0.6	-0.98	-1.36	-0.72	-1.16	-1.14	-0.62	-0.8	-1.22	-1.64	-0.16	-0.52	-2.18	-0.9	-0.86
5	-0.88	-1.16	-0.8	-1.22	-2.36	-0.96	-1.26	-1.32	-1.34	-1.24	-1.06	-1.16	-0.84	-0.96	-1.46	-0.68	-0.74	-1.8	-0.92	-1.22
5	-0.82	-0.68	-0.4	-1.28	-2.28	-0.74	-0.92	-1.08	-0.92	-1.36	-1.42	-0.42	-0.82	-1.34	-1.74	-0.28	-0.62	-2.2	-0.64	-1.22
5	-0.58	-0.82	-1.18	-1.54	-1.72	-0.76	-1.1	-1.48	-1.46	-1.4	-1.08	-1	-0.9	-1.6	-1.46	-0.48	-0.56	-2.2	-1.42	-1.28
5	-0.48	-1.36	-0.72	-1.24	-2.06	-0.74	-0.98	-1.3	-1.16	-1.48	-1.3	-1.1	-1.04	-1.4	-1.64	-0.12	-0.44	-2.02	-1.2	-1.16
5	-0.54	-1.5	-1.62	-2.16	-2.74	-1.26	-1.96	-0.84	-1.36	-1.84	-1.58	-1.3	-1.32	-1.46	-2.26	-0.8	-0.92	-1.92	-1.12	-1.4
5	-1.08	-0.64	-0.16	-0.5	-2.5	-0.38	-0.28	-1.52	-1.08	-1.26	-1.38	-0.38	-0.86	-1.34	-1.7	-0.48	-0.58	-2.12	-1.14	-1.26
5	-0.72	-1.5	-1.06	-1.9	-2.48	-1.34	-1.64	-0.88	-1.16	-1.44	-1.38	-1	-1.18	-0.8	-2.06	-0.64	-0.66	-1.96	-0.72	-1.22
5	-0.4	-0.78	-0.88	-1.22	-2.32	-0.58	-0.76	-1.16	-1.52	-1.04	-1.22	-0.84	-0.92	-1.58	-1.64	-0.54	-0.24	-2.48	-1.6	-0.86
5	-0.18	-0.52	-0.9	-1.64	-2.16	-0.06	-0.78	-1.24	-1.22	-1.44	-1.38	-0.72	-0.84	-1.76	-1.32	-0.02	-0.24	-1.5	-1.2	-1.06
5	-0.26	-0.6	-1.2	-1.38	-2.2	-0.78	-0.64	-1.36	-0.88	-1.36	-1.1	-0.9	-0.84	-1	-1.54	-0.16	-0.56	-2.32	-0.94	-1.08
5	-0.34	-0.9	-0.78	-1.06	-1.82	-0.76	-0.68	-1.18	-1.32	-1.18	-1.04	-0.9	-0.76	-1.66	-1.68	-0.32	-0.36	-2.3	-1.5	-0.9
5	-0.38	-1.2	-1.2	-1.34	-2.28	-1.24	-1.3	-1.24	-1.38	-1.28	-1.06	-1.38	-0.78	-0.92	-2.14	-0.36	-0.42	-2.44	-0.92	-0.98
5	-0.26	-1.82	-1.12	-0.76	-1.86	-1.1	-1.18	-1.36	-1.82	-1.02	-1.12	-1.54	-0.68	-1.32	-2.06	-0.14	0.18	-2.74	-1.4	-0.76
5	0.06	-1.06	-0.4	-1.24	-1.64	-0.74	-1.12	-0.48	-1.44	-1.42	-1.46	-1.04	-0.98	-1.62	-1.36	0.12	-0.2	-2.6	-1.7	-1.12
5	-0.16	-1.84	-1.56	-1.88	-3.48	-1.64	-2.2	-1.24	-2.36	-2.08	-1.76	-2.12	-1.8	-2.24	-3.12	-0.78	-1.14	-3.44	-2.62	-1.36
5	0.2	-1.52	-0.52	-1.22	-1.4	-1.26	-1.34	0.24	-1.76	-1.22	-1.38	-1.28	-1.06	-1.82	-1.78	0.32	-0.28	-2.22	-1.78	-0.8
5	-0.14	-1.44	-0.78	-1.36	-1.82	-1.18	-1.04	0.16	-1.68	-1.62	-1.68	-1.2	-1.24	-1.74	-1.22	-0.06	-0.66	-2.16	-1.78	-1.14
5	0.1	-1.08	-0.66	-1.2	-1.54	-0.88	-0.96	-0.54	-1.3	-1.52	-1.34	-0.98	-1	-1.52	-1.56	0.3	0.06	-2.14	-1.5	-1.1
5	-0.3	-1.54	-0.44	-1.4	-1.66	-1.18	-1.36	-0.02	-1.6	-1.4	-1.28	-1.32	-0.92	-1.5	-1.44	0.14	-0.38	-2.24	-1.58	-1.1
5	-0.36	-1.64	-1.22	-1.24	-2	-1	-1.02	-1.14	-1.86	-1.14	-1.12	-1.44	-0.8	-1.7	-1.9	-0.56	-0.54	-2.62	-1.66	-0.98
5	-0.68	-0.98	-0.76	-1.1	-2.22	-0.74	-0.88	-0.78	-1.16	-1.78	-1.58	-1.02	-1.16	-1.5	-1.32	-0.48	-0.76	-2.08	-1.04	-1.5
5	0.32	-1.08	-0.88	-1.5	-1.5	-0.66	-0.94	-0.86	-1.38	-1.2	-1.1	-0.82	-0.76	-1.58	-1.5	0.1	-0.32	-2.02	-1.18	-0.82
5	-0.08	-1.12	-0.82	-1.4	-1.92	-0.78	-1.14	-0.28	-1.56	-1.2	-1.22	-1.06	-0.9	-1.54	-1.68	-0.06	-0.22	-2.1	-1.5	-0.86
5	0.14	-1.32	-1.2	-0.58	-1.66	-0.88	-0.54	-1.02	-1.72	-1.02	-1.12	-1.16	-0.94	-1.56	-1.56	-0.32	-0.58	-2.66	-1.72	-0.64
5	0.32	-1.4	-0.82	-1.22	-1.38	-0.92	-0.98	-0.88	-1.7	-0.9	-0.94	-1.16	-0.74	-1.44	-1.54	0.32	0	-2.32	-1.6	-0.56
5	-0.22	-1.5	-1.08	-1.22	-1.78	-0.96	-1	-1.08	-0.64	-1.48	-1.38	-1.28	-1.06	-1.56	-0.64	-0.28	-0.6	-2.24	-1.16	-1.14
5	-0.18	-1.2	-0.5	-1.04	-1.52	-1.02	-1.12	-0.28	-1.48	-1.16	-1.32	-1.14	-1	-1.92	-1.84	-0.22	-0.56	-2.66	-1.72	-0.72
5	-0.12	-0.8	-0.24	-1.08	-1.7	-0.68	-0.86	-0.62	-1.18	-1.58	-1.52	-0.76	-1.06	-1.68	-1.58	0.32	-0.16	-2.1	-1.3	-1.14
5	-0.28	-1.16	-0.32	-0.76	-1.82	-0.74	-0.78	-0.68	-1.36	-1.34	-1.36	-0.9	-1.02	-1.92	-1.42	0.08	-0.48	-2.66	-1.82	-1.06
5	-0.36	-1.26	-0.68	-1.46	-1.68	-0.92	-1.06	-1.06	-1.06	-1.08	-0.92	-1.08	-0.66	-1.36	-1.74	-0.2	-0.16	-2.06	-1.18	-0.78
5	0.46	-0.94	-0.92	-1.6	-1.46	-0.7	-0.9	-0.6	-1.6	-1.06	-0.86	-0.94	-0.66	-1.6	-1.8	0.14	-0.54	-2.3	-1.64	-0.7
5	-0.9	-0.88	-0.78	-0.94	-2.12	-0.4	-0.48	-1.8	-1.22	-1.38	-1.2	-0.7	-0.84	-1.56	-1.14	-0.44	0.1	-2.08	-1.3	-1.04
5	-0.12	-1.3	-0.22	-1	-1.8	-0.82	-1.04	-0.14	-1.56	-1.4	-1.58	-0.72	-1.08	-2.2	-1.82	0.24	0.16	-3	-1.98	-0.86
5	-0.5	-1.26	-0.72	-0.6	-1.76	-0.88	-0.92	-1.42	-1.52	-1.38	-1.3	-1.08	-1.06	-1.64	-1.74	-0.06	-0.2	-2.58	-1.56	-1.1
5	-0.4	-1.06	-0.92	-1.18	-1.96	-0.66	-0.84	-1.22	-0.52	-1.68	-1.44	-1.06	-1.04	-1.6	-1.24	-0.36	-0.84	-1.78	-0.94	-1.44
5	0.02	-1.04	-0.56	-1.32	-1.82	-0.72	-1.14	-0.28	-1.5	-1.22	-1.22	-1.02	-0.86	-1.48	-1.64	0	-0.26	-2.08	-1.48	-0.74
5	0.12	-0.6	-0.68	-1.1	-1.74	-0.52	-0.86	-0.7	-1.34	-1.38	-1.1	-0.62	-0.76	-1.84	-1.4	0.12	-0.36	-2.62	-1.74	-1.04
5	-0.28	-1.28	-1	-1.7	-1.68	-0.92	-1.24	-1.42	-1.48	-0.64	-0.78	-1.2	-0.62	-1.22	-1.34	-0.28	0.16	-2.38	-1.18	-0.24
5	0.38	-1.16	-1.48	-1.88	-2.68	-1.28	-1.44	-0.82	-2.06	-2	-1.72	-1.26	-1.54	-1.98	-2.28	-0.06	-0.46	-2.1	-1.84	-1.24
5	0.42	-1.32	-1.44	-1.16	-2.86	-1.48	-1.36	-0.94	-1.88	-1.82	-2.02	-1.54	-1.52	-2.12	-1.42	-0.38	-0.68	-3.12	-2.04	-1.14
5	-0.66	0.04	-0.84	-1.7	-2.04	-0.3	-1	-0.84	-0.76	-2.08	-1.52	-0.56	-0.96	-1.8	-1.74	-0.48	-1.08	-1.66	-1.06	-1.9
5	-0.72	-1.46	-0.7	-0.98	-2.36	-0.98	-1	-0.98	-0.92	-1.48	-1.7	-1.2	-1.26	-1.36	-1.92	-0.48	-0.68	-2.54	-0.86	-1.38
5	-0.18	-1.18	-1.06	-1.08	-2.34	-0.74	-1	-0.76	-0.94	-1.66	-1.4	-1.12	-0.9	-1.3	-1.98	-0.16	-0.5	-2.32	-1.04	-1.14
5	-0.28	0.12	-0.72	-1.42	-1.84	-0.1	-0.7	-1.02	-0.58	-2.32	-2.04	-0.38	-1.26	-2.28	-0.36	-0.22	-0.52	-2.6	-1.44	-1.82
5	-0.12	-1.82	-1.62	-1.92	-3.24	-1.72	-2.08	-1.28	-2.28	-2.02	-1.78	-2.04	-1.76	-2.2	-2.88	-0.74	-1	-3.32	-2.42	-1.3
5	-1	-2.46	-0.26	-1.16	-3.48	-1.78	-2.1	-0.8	-2	-2.34	-2.3	-2.02	-2.02	-2.94	-3	-0.48	0	-3.92	-2.78	-1.9
5	0.2	-2.26	-1.1	-1.72	-2.94	-1.74	-2.26	-0.76	-2.34	-2	-1.72	-2.02	-1.78	-2.7	-2.62	-0.08	0.3	-3.6	-2.44	-1.18
5	-0.82	-2.64	-1.2	-1.96	-3.6	-1.98	-2.3	-0.58	-2.94	-2.26	-2.22	-2.2	-2.26	-3.1	-3.24	-0.8	0.26	-3.74	-3.22	-1.88
5	0.24	-0.96	-1.06	-1.3	-1.82	-0.68	-0.96	-0.66	-1.48	-1.22	-1.1	-0.92	-0.88	-1.66	-1.5	0.04	-0.18	-2.36	-1.52	-0.84
5	-0.04	-1.98	-1.5	-2	-3.6	-1.62	-2.28	-1.28	-2.42	-2.02	-1.66	-2.24	-1.82	-2.18	-3.18	-0.76	-1.1	-3.4	-2.46	-1.38
5	0.02	-1.36	-1.08	-1.68	-2.26	-0.98	-1.28	-0.62	-1.54	-1.6	-1.54	-1.08	-1.14	-1.94	-2.08	-0.08	-0.22	-1.84	-1.6	-1.1
5	-1	-3.1	-0.94	-2.16	-4.22	-2.26	-3	-1.2	-2.9	-2.3	-2.68	-3.04	-2.7	-3.28	-3.98	-0.64	0.04	-4.58	-3.32	-1.62
5	0.04	-1.02	-0.58	-1.4	-1.38	-1.02	-1.24	-0.7	-1.56	-1.08	-1.18	-1.04	-0.84	-2.02	-1.26	-0.04	-0.04	-2.74	-1.88	-0.62
5	0.16	-1.02	-0.92	-1.48	-1.92	-0.8	-1.38	-1.2	-0.96	-1.22	-1	-1.06	-0.78	-1.38	-1.78	0.04	0.24	-2.54	-1.06	-0.74
5	-0.02	-0.78	-0.78	-1.02	-1.8	-0.24	-0.52	-0.94	-1.24	-1.4	-1.12	-0.78	-0.7	-1.7	-1.6	0.08	-0.24	-2.22	-1.36	-1.08
5	0.06	-0.9	-0.92	-1.32	-1.6	-0.4	-0.84	-1	-1.62	-1.14	-0.98	-0.84	-0.52	-1.8	-1.36	0.06	-0.3	-2.22	-1.64	-0.66
5	-0.54	-1.22	-1	-1.44	-2.06	-1.02	-0.94	-1.16	-0.92	-1.68	-1.54	-1.2	-1.22	-1.06	-2.1	-0.4	-0.48	-2.02	-0.76	-1.46
5	0.2	-1.22	-0.84	-1.32	-1.94	-0.9	-1.1	-0.62	-1.38	-1.18	-1.22	-1.04	-0.92	-1.2	-1.64	0.12	-0.22	-2.44	-1.24	-0.76
6	-0.08	-0.68	-0.54	-0.84	-2.28	0.22	-0.12	-1.38	-0.82	-1.74	-1.9	-0.02	-1.2	-1.96	-1.06	0.04	-0.46	-1.9	-1.18	-1.44
6	-0.82	-0.8	-0.6	-0.96	-2.42	-0.48	-0.42	-1.26	-1.06	-1.54	-1.52	-0.56	-1	-1.4	-1.64	-0.54	-0.72	-2.38	-1.08	-1.3
6	-0.48	-0.92	-0.66	-0.96	-2.18	-0.82	-0.8	-1.06	-1.08	-1.76	-1.68	-0.92	-1.18	-1.6	-0.9	-0.28	-0.6	-1.78	-1.18	-1.44
6	-0.62	-0.8	-0.52	-1.06	-2.18	-0.48	-0.52	-1.26	-1.12	-1.14	-1.26	-0.5	-0.94	-1.46	-1.24	-0.34	-0.32	-2.52	-1.22	-0.98
6	-0.46	-1.8	-1.76	-1.8	-2.68	-1.12	-1.34	-1.8	-2	-1.58	-1.6	-1.42	-1.54	-2.26	-2.7	-1.16	-1.22	-2.8	-1.7	-1.78
6	-0.44	-1.26	-1.04	-1.54	-1.44	-0.7	-1.22	-1.2	-1.42	-1.54	-1.52	-0.98	-1.04	-1.84	-1.7	-0.26	-0.54	-2.04	-1.18	-1.12
6	-0.68	-0.86	-0.64	-1.1	-2.24	-0.54	-0.56	-1.38	-1.2	-1.1	-1.24	-0.54	-0.88	-1.46	-1.36	-0.52	-0.38	-2.52	-1.26	-0.98
6	-0.24	-1	-0.48	-0.64	-2.22	-0.32	-0.54	-0.56	-1.14	-1.66	-1.86	-0.36	-1.18	-1.66	-1.36	-0.14	-0.38	-2.12	-1.1	-1.12
6	-0.3	-1.16	-0.42	-0.92	-2.02	-0.66	-1.06	-0.88	-1.8	-0.86	-1.42	-0.18	-0.72	-2.36	-2.04	-0.06	0.08	-3.06	-2.18	-0.78
6	-0.78	-0.4	-0.56	-0.96	-2.22	0.12	-0.18	-2.04	-1.12	-1.02	-0.78	-0.22	-0.34	-1.92	-1.32	-0.4	-0.62	-2.72	-1.6	-0.78
6	-0.58	-0.74	-1.08	-1.04	-2.3	-0.38	-0.46	-1.56	-0.98	-1.3	-0.9	-1	-0.68	-1.56	-1.24	-0.56	-0.52	-2.34	-1.24	-1.06
6	-0.34	-1.12	-1.1	-1.6	-1.62	-0.68	-0.94	-1.24	-1.52	-1.28	-1.24	-0.94	-0.96	-1.9	-1.82	-0.36	-0.4	-2.52	-1.54	-0.96
6	-0.72	-1.12	-0.96	-0.94	-1.94	-0.6	-0.68	-1.14	-0.84	-1.9	-1.58	-1	-1.24	-1.96	-1.58	-0.48	-0.64	-2.62	-1.48	-1.6
6	-0.7	-0.96	-1.82	-1.76	-3.02	-1	-0.96	-2.42	-1.72	-1.58	-1.26	-1.4	-0.98	-2.12	-1.62	-1.1	-1.4	-3.02	-2.02	-1.44
6	0.56	-1.58	-1.4	-2.2	-1.56	-0.88	-1.42	-0.58	-1.7	-1.46	-1.02	-1.4	-0.54	-1.96	-1.72	-0.14	-0.44	-2.5	-1.52	-0.98
6	0.22	-0.92	-1.1	-1.06	-2.2	-0.12	-0.38	-1.36	-1.52	-1.64	-1.16	-0.58	-0.54	-2.36	-0.96	-0.22	-0.24	-2.82	-1.82	-1.26
6	-0.74	-0.3	-0.84	-1.44	-2.28	-0.1	-0.6	-1.84	-0.98	-1.36	-1.12	-0.24	-0.4	-1.66	-1.6	-0.7	-0.66	-2.3	-1.08	-1.04
6	-0.6	-1	-1.06	-0.74	-2.28	-0.68	-0.54	-1.34	-1.44	-1.34	-1.14	-1.08	-0.94	-1.7	-1.62	-0.6	-0.48	-2.5	-1.66	-1.16
6	0.18	-0.86	-1.16	-1.22	-1.76	-0.44	-0.5	-0.78	-1.34	-1.6	-1.34	-0.76	-0.96	-1.74	-1.42	-0.08	-0.7	-1.84	-1.42	-1.12
6	-0.02	-0.3	-0.5	-1.16	-1.58	-0.28	-0.58	-1.28	-1.16	-1.38	-1.32	-0.4	-0.88	-2.1	-1.44	-0.1	0.06	-2.66	-1.62	-0.88
6	-0.3	-0.46	-0.58	-1.1	-1.76	-0.54	-0.7	-1.32	-1.22	-1.38	-1.18	-0.58	-0.7	-1.42	-1.36	0.12	-0.3	-2.56	-1.42	-1.18
6	-1.22	-1.92	-1.98	-2.16	-3.58	-1.34	-1.78	-2.24	-1.62	-2.1	-2.12	-2	-1.58	-1.8	-2.82	-1.32	-1.92	-2.92	-1.46	-2.2
6	0.26	-0.5	-0.98	-1.06	-1.44	-0.12	-0.18	-1.48	-1.32	-1.58	-1.42	-0.14	-0.94	-2.26	-0.96	-0.12	-0.28	-2.58	-1.76	-0.92
6	-0.8	-0.16	-0.96	-1.54	-2.14	-0.46	-0.82	-2.34	-1.4	-1.52	-1.04	-0.32	-0.94	-2.14	-2.02	-0.8	-0.78	-2.96	-1.64	-1.42
6	-0.56	-1.08	-0.82	-0.94	-2.1	-0.48	-0.52	-1.56	-0.6	-1.42	-1.44	-0.86	-0.8	-1.74	-1.5	-0.32	-0.24	-1.92	-1.18	-1.04
6	-0.58	-1.34	-1.02	-0.8	-2.14	-0.86	-1.02	-1.44	-1.5	-1.6	-1.46	-1.12	-1.06	-1.76	-1.88	-0.56	-0.8	-2.28	-1.66	-1.2
6	-0.32	-1.16	-0.72	-0.98	-1.9	-0.46	-0.42	-1.64	-0.66	-1.16	-1.28	-0.94	-0.7	-1.32	-1.46	-0.1	-0.12	-2.14	-0.96	-0.8
6	-0.04	-1.04	-1.26	-1.6	-1.4	-0.7	-0.96	-1.68	-1.54	-0.96	-1.04	-1.14	-0.78	-1.52	-1.8	-0.24	-0.04	-2.4	-1.42	-0.7
6	-0.92	-0.98	-0.38	-0.84	-1.84	-0.56	-0.5	-1.8	-0.68	-1.58	-1.58	-0.52	-1.04	-1.9	-2.26	-0.16	-0.4	-2.02	-1.08	-1.48
6	-0.82	-1.1	-0.9	-0.76	-2.3	-0.54	-0.38	-1.82	-0.74	-1	-0.96	-0.64	-0.64	-1.48	-1.6	-0.44	-0.54	-2.56	-1.1	-0.9
6	-0.2	-0.94	-0.38	-0.96	-1.94	-0.2	-0.5	-0.7	-1.4	-1.58	-1.74	-0.3	-0.98	-1.96	-1.52	0.26	-0.2	-2.3	-1.76	-1.12
6	-0.72	-0.86	-1.04	-1.26	-1.94	-0.48	-0.76	-1.72	-1.4	-1.04	-0.92	-0.82	-0.64	-1.56	-1.56	-0.72	-0.62	-2.3	-1.12	-0.84
6	-1.22	-1.68	-2.34	-2.7	-4.9	-1.98	-2.08	-3.5	-3.54	-2.86	-3.32	-2.1	-2.86	-3.82	-3.7	-2.12	-2.16	-5.1	-3.58	-2.22
6	-0.78	-0.62	-0.4	-0.48	-2.26	0.04	0	-1.64	-1.3	-1.2	-0.96	-0.48	-0.68	-2.08	-1.8	-0.52	-0.28	-2.82	-1.76	-0.98
6	-0.7	-0.8	-1.2	-1.26	-2.1	-0.32	-0.68	-2	-0.72	-0.92	-0.8	-0.94	-0.56	-1.42	-1.54	-0.7	-0.6	-1.84	-0.88	-0.92
6	0.18	-0.96	-0.4	-1.14	-1.68	-0.38	-0.62	-0.56	-1.48	-1.22	-1.18	-0.5	-0.48	-2.04	-1.68	0.38	0.4	-2.76	-1.86	-0.62
6	-0.66	-0.86	-0.54	-0.88	-2.08	-0.84	-0.8	-1.12	-1.18	-1.48	-1.44	-0.68	-1.04	-1.62	-1.42	-0.08	-0.62	-2.44	-1.44	-1.4
6	-0.98	-1.42	-0.68	-1.28	-1.96	-0.86	-0.92	-2.14	-0.68	-0.96	-1.3	-1.14	-1.08	-1.74	-2.18	-0.16	-0.6	-2.48	-1.1	-1.06
6	-1.02	-1.24	-1.8	-1.94	-3.22	-0.96	-1.1	-2.28	-1.86	-1.76	-1.04	-1.62	-0.86	-2.38	-1.72	-1.04	-1.14	-2.98	-2	-1.48
6	-0.52	-0.9	-1.14	-1.18	-1.76	-0.42	-0.46	-2.02	-1.04	-1.06	-0.94	-0.88	-0.5	-1.4	-1.36	-0.48	-0.16	-2.14	-1.04	-0.86
6	-0.38	-0.9	-1.2	-1.24	-2.02	-0.68	-0.66	-1.82	-1.28	-1.1	-0.86	-0.92	-0.68	-1.82	-1.48	-0.46	-0.46	-2.84	-1.46	-0.94
6	-0.86	-1.4	-1.38	-1.48	-1.74	-0.72	-1.18	-2.06	-1.7	-0.82	-0.54	-1.38	-0.46	-1.72	-1.8	-0.8	-0.48	-2.6	-1.56	-0.78
6	-0.86	-1.04	-0.82	-0.72	-2.48	-0.4	-0.26	-1.6	-1.02	-1.36	-1.44	-0.76	-0.92	-1.08	-1.84	-0.62	-0.74	-2.14	-1	-1.24
6	0.14	-1.14	-1.08	-1.02	-1.74	-0.66	-0.56	-1.34	-1.5	-0.98	-1	-0.92	-0.6	-1.66	-1.6	-0.16	-0.12	-2.68	-1.66	-0.56
6	-0.36	-0.76	-0.44	-1.12	-2.02	-0.5	-0.58	-1.86	-0.46	-1.12	-1.3	-0.64	-1	-1.26	-1.12	-0.42	-0.26	-2.3	-0.84	-0.98
6	-0.52	-0.82	-0.92	-1.34	-1.9	-0.58	-0.92	-1.64	-1.26	-1.16	-1.26	-0.8	-0.94	-1.6	-1.54	-0.48	-0.74	-1.54	-1.14	-1.12
6	-0.42	-0.74	-0.52	-1.18	-1.7	-0.3	-0.52	-1.66	-0.96	-1.36	-1.28	-0.32	-0.78	-1.96	-1.7	-0.22	-0.3	-2.42	-1.22	-1.02
6	-0.32	-1.42	-0.6	-1	-2.1	-0.68	-1.18	-0.8	-1.9	-0.84	-1.34	-0.54	-0.82	-2.26	-2.12	0.08	-0.18	-2.98	-2.02	-0.56
6	-0.14	-0.54	-0.58	-0.74	-2.1	-0.2	-0.18	-1.2	-0.98	-1.44	-1.6	-0.1	-0.94	-1.96	-1.38	0	-0.38	-2.7	-1.58	-1.28
6	-1.02	-0.84	-0.96	-1.18	-2.16	-0.1	-0.06	-2.38	-0.98	-1.32	-0.98	-0.68	-0.62	-1.24	-1.52	-0.58	-0.54	-1.58	-0.68	-1.16
6	-1.04	-0.96	-0.22	-0.94	-2.34	-0.6	-0.78	-1.14	-0.54	-1.2	-1.3	-0.94	-0.66	-1.6	-1.86	-0.68	-0.72	-2.62	-1.14	-1
6	-0.84	-1.2	-0.68	-1.08	-2.12	-0.5	-0.9	-1.08	-1.38	-1.2	-1.18	-0.62	-0.82	-1.9	-1.42	-0.44	-0.5	-2.36	-1.74	-1.16
6	-0.62	-1.32	-1.1	-1.18	-1.64	-0.58	-0.94	-1.88	-1.04	-0.6	-0.94	-1.16	-0.72	-1.52	-1.76	-0.32	-0.26	-2.74	-1.2	-0.52
6	-1.3	-1.92	-2.22	-2.3	-3.56	-1.38	-1.84	-2.36	-1.66	-2.02	-2.06	-2.06	-1.5	-1.72	-2.86	-1.42	-1.92	-2.9	-1.42	-2.1
6	-0.62	-1.18	-1.84	-2.34	-1.92	-0.98	-1.38	-2.36	-1.78	-0.36	-0.38	-0.88	-0.3	-1.32	-1.8	-1	-0.6	-2.3	-0.82	-0.26
6	-0.4	-0.26	-1.14	-1.18	-2.36	-0.38	-0.68	-1.26	-1.16	-1.36	-1.08	-0.58	-0.74	-1.8	-1.36	-0.56	-0.58	-2.26	-1.4	-1
6	-0.32	-1.06	-1.4	-1.3	-1.9	-0.54	-0.9	-1.34	-1.06	-1.12	-0.74	-1.2	-0.52	-1.88	-1.8	-0.64	-0.74	-2.62	-1.66	-0.78
6	-0.04	-1.6	-0.64	-1.2	-1.74	-1.24	-1.42	0.08	-1.34	-1.58	-2.12	-1.02	-1.54	-2.58	-0.82	0.22	-0.4	-3.22	-2.22	-1.42
6	-0.42	-0.68	-0.6	-0.86	-2.12	-0.66	-0.8	-0.9	-1.24	-1.66	-1.52	-0.88	-1.14	-1.7	-1.12	-0.2	-0.26	-2.5	-1.4	-1.22
6	0.18	-0.6	-1.22	-1.5	-2.02	-0.18	-0.44	-1.44	-0.68	-1.4	-0.78	-0.76	-0.58	-1.86	-1.58	-0.32	-0.54	-2.36	-1.22	-0.88
6	-0.74	-0.82	-1.5	-1.66	-2.98	-0.72	-1.32	-1.72	-1.94	-1.54	-1.16	-1.48	-1.36	-2.5	-2.04	-1.02	-0.98	-3.12	-2.54	-1.7
6	-0.52	-1.42	-1.48	-1.68	-2.02	-0.82	-1.22	-1.52	-1.56	-0.9	-0.82	-1.44	-0.56	-1.32	-2	-0.82	-0.72	-2.28	-1.22	-0.84
6	-0.88	-0.62	-1.28	-1	-3.02	-0.54	-0.74	-2	-0.98	-1.46	-1.48	-0.58	-1.08	-1.88	-2.16	-0.86	-0.84	-2.76	-1.14	-1.16
6	-1.16	-0.72	-0.94	-1	-3.04	0.2	-0.12	-1.9	-0.6	-2.32	-1.9	-0.68	-1.2	-1.66	-2.38	-0.82	-1.22	-1.84	-1	-1.96
6	-0.54	-0.72	-0.6	-1.1	-1.76	-0.3	-0.74	-1.72	-1.04	-0.98	-0.66	-0.58	-0.5	-1.72	-1.48	-0.42	-0.22	-2.54	-1.34	-0.74
6	-0.14	-0.62	-0.54	-0.68	-2.16	-0.2	-0.1	-1.2	-1.2	-1.48	-1.2	-0.28	-0.86	-2.02	-1.14	-0.1	-0.46	-2.82	-1.74	-1.14
6	-0.94	-0.8	-1	-1.1	-2.8	-0.46	-0.52	-2.12	-0.82	-1.18	-1.14	-0.42	-0.9	-1.72	-2.16	-0.88	-0.82	-2.48	-1.06	-0.92
6	-0.46	-0.84	-0.74	-1.24	-2.18	0	-0.3	-2.06	-1.06	-1.1	-0.88	-0.54	-0.36	-1.6	-1.74	-0.08	-0.08	-2.24	-1.2	-0.82
6	0.32	-0.8	-0.14	0.14	-1.86	-0.38	0.1	-0.2	-0.5	-2.08	-2.28	-0.56	-1.62	-2.4	-0.56	0.32	-0.2	-2.76	-1.86	-1.5
6	0.26	-0.78	-1.1	-1.34	-1.66	-0.72	-0.56	-1.48	-1.34	-0.72	-0.88	-0.78	-0.66	-1.68	-1.58	-0.16	-0.44	-2.78	-1.46	-0.4
6	-0.4	-0.52	-0.96	-1.46	-2.54	-0.44	-0.5	-1.54	-1	-2.06	-1.82	-0.16	-1.56	-1.94	-1.28	-0.58	-0.84	-2.68	-1.7	-1.62
6	-0.36	-0.44	-1.28	-1.56	-2.42	-0.44	-0.58	-2	-1.24	-2.2	-1.84	-0.4	-1.74	-1.98	-1.62	-0.62	-1	-2.9	-1.72	-1.68
6	-0.6	-0.84	-1.04	-1.24	-2.36	-0.62	-0.62	-1.42	-1.56	-1.26	-1.26	-0.92	-0.9	-1.86	-2.2	-0.54	-0.64	-2.9	-1.82	-1.04
6	-0.22	-1.14	-1.08	-1.22	-1.94	-0.64	-0.38	-1.26	-1.36	-1.22	-1.24	-0.92	-0.86	-1.7	-0.9	-0.2	-0.48	-2.42	-1.52	-0.78
6	0.28	-0.94	-0.82	-0.82	-1.66	-0.64	-0.56	-0.68	-1.5	-1.4	-1.38	-0.82	-1	-1.88	-1.44	0.04	-0.46	-2.42	-1.76	-0.9
7	-0.08	-1.14	-1.14	-1.16	-1.8	-0.78	-0.88	-1.2	-1.5	-1.36	-1.22	-0.72	-0.96	-2.14	-0.1	-0.24	-0.4	-2.68	-1.84	-0.86
7	-0.7	-1.08	-2.16	-2.16	-3	-1.12	-1.74	-1.18	-2.26	-2.14	-1.52	-1.86	-1	-2.74	-1.16	-1	-1	-3.2	-2.74	-1.38
7	-0.52	-1.32	-1.68	-2.12	-1.9	-1.36	-1.6	-2.06	-1.98	-0.24	-0.38	-1.42	-0.2	-1.48	-1.9	-0.9	-0.36	-2.46	-1.42	-0.12
7	-0.74	-0.68	-0.98	-1.08	-2.24	0.08	-0.46	-1.74	-1.08	-1.04	-0.98	-0.42	-0.62	-1.56	-1.16	-0.58	-0.66	-2.46	-1.2	-0.66
7	-0.4	-0.88	-1.04	-1.08	-2.1	-0.7	-0.72	-1	-1.62	-1.28	-1.12	-0.74	-0.58	-1.86	-1.14	-0.6	-0.74	-2.74	-1.82	-0.9
7	-0.5	-0.54	-1.02	-0.48	-2.34	-0.26	0.12	-1.76	-1.36	-1.4	-1.32	-0.36	-0.9	-1.78	-1.84	-0.34	-0.42	-2.84	-1.66	-1.18
7	-0.1	-1.38	-1.72	-2.04	-1.74	-1.4	-1.5	-1.52	-1.68	-0.6	-0.4	-1.42	-0.46	-1.24	-1.4	-0.66	-0.56	-2.3	-1.2	-0.32
7	0.3	-1.3	-1.58	-1.46	-2.22	-0.94	-1.08	-1.24	-1.68	-1.3	-1.1	-1.02	-0.92	-2.12	0.1	-0.38	-0.58	-2.64	-2.06	-0.84
7	0.52	-0.96	-1.32	-1.62	-1.56	-0.84	-1.08	-1.06	-1.82	-1.04	-1.2	-0.88	-0.84	-1.9	-0.5	-0.14	-0.06	-2.48	-1.78	-0.48
7	-0.7	-1.1	-2.2	-2.26	-2.98	-1.14	-1.62	-1.04	-2.2	-2.26	-1.9	-1.9	-1.22	-3.02	-0.68	-1.1	-1.14	-3.18	-2.7	-1.48
7	0.14	-1.64	-2.04	-2.32	-1.28	-1.5	-1.74	-1.48	-1.96	-0.68	-0.58	-1.5	-0.6	-1.3	-1.58	-0.56	-0.36	-1.8	-1.38	-0.28
7	-0.26	-0.86	-1.02	-1.36	-2.18	-0.44	-0.6	-1.36	-0.96	-1.08	-1.1	-0.82	-0.46	-1.78	-1.66	-0.24	-0.22	-2.5	-1.32	-0.54
7	-0.02	-1.56	-2.32	-2.76	-1.78	-1.56	-1.7	-2.02	-2.12	-0.2	-0.02	-1.66	-0.08	-1.1	-1.68	-1	-0.46	-1.74	-1.26	0.04
7	-0.28	-1.54	-1.52	-1.76	-1.9	-0.5	-1.12	-1.58	-1.34	-0.74	-0.7	-1.4	-0.42	-1.22	-1.32	-0.84	-0.74	-1.58	-1.06	-0.46
7	0.38	-0.82	-0.64	-0.92	-1.82	-0.5	-0.42	-0.06	-1.28	-1.7	-1.72	-0.38	-1.08	-2.22	-1.14	0.14	-0.3	-2.6	-1.78	-1.04
7	-0.12	-0.16	-0.26	-0.74	-2.32	0.22	0.02	-0.4	-0.88	-1.94	-1.8	0.06	-1.1	-2.3	-0.6	0.02	-0.62	-2.4	-1.74	-1.5
7	0.06	-0.52	-0.62	-0.7	-2.22	0.46	-0.18	-1.5	-1.26	-1.46	-1.34	-0.46	-0.72	-1.64	-1.72	-0.1	-0.36	-2.62	-1.44	-1.12
7	-0.16	-0.84	-0.96	-0.98	-1.76	-0.64	-0.6	-1.62	-1.44	-1.22	-1.22	-0.64	-0.78	-1.98	-0.58	0.02	0	-2.58	-1.66	-0.72
7	-0.5	0.7	-0.04	-0.12	-2.58	1.38	1.68	-1.36	-0.72	-2.6	-2.04	1.58	-1.14	-2.78	-1.12	0.08	-0.82	-2.82	-1.88	-1.7
7	0.94	-1.22	-0.58	-1.2	-1.68	-0.52	-0.64	-0.58	-1.04	-1.28	-1.52	-0.86	-0.9	-1.58	-1.58	0.2	-0.1	-2.56	-1.2	-0.7
7	0.54	-0.78	-1.08	-1.36	-1.7	-0.82	-0.92	-1.22	-1.68	-0.96	-1.04	-0.62	-0.76	-2.02	-0.3	-0.26	0.1	-2.8	-1.82	-0.26
7	-0.54	-0.6	-0.48	-0.88	-2.22	0.28	-0.14	-1.52	-0.76	-1.14	-1.18	-0.36	-0.56	-1.62	-1.92	-0.46	-0.26	-2.5	-1.26	-0.98
7	-0.76	-0.74	-0.52	-0.86	-2.54	0.54	-0.14	-1.84	-0.86	-1.66	-1.32	-0.36	-0.82	-1.66	-1.92	-0.52	-0.68	-2.56	-1.36	-1.4
7	-0.34	-0.92	-0.96	-0.84	-2.24	-0.34	-0.16	-1.32	-1.34	-1.56	-1.66	-0.4	-1.02	-1.78	-0.18	-0.22	-0.74	-2.62	-1.48	-1.02
7	-0.74	-0.4	-0.72	-1.26	-2.2	-0.2	-0.64	-1.64	-0.76	-1.32	-1.18	-0.6	-0.74	-1.82	-0.64	-0.56	-0.54	-2.56	-1.24	-1
7	-0.62	-0.9	-0.74	-0.88	-1.98	-0.18	-0.42	-1.94	-1.24	-0.92	-0.76	-0.48	-0.34	-1.68	-1.42	-0.44	-0.66	-2.64	-1.38	-0.66
7	0.82	-1.44	-0.98	-1.38	-1.6	-0.82	-0.74	0.34	-1.38	-1.22	-1.54	-1.06	-1.14	-1.74	-1.6	0.2	-0.48	-2.58	-1.5	-0.58
7	0	-0.98	-1.34	-1.92	-1.76	-0.76	-1.26	-1.06	-1.8	-0.96	-0.78	-0.82	-0.36	-1.66	-0.74	-0.46	-0.42	-2.4	-1.68	-0.5
7	-0.34	-1.14	-1.44	-1.74	-1.74	-0.6	-1.08	-1.62	-1.56	-1.12	-1.06	-1	-0.8	-1.74	-1.36	-0.64	-0.32	-2.18	-1.36	-0.7
7	-0.32	-1.58	-1.58	-1.68	-1.96	-1.1	-1.1	-1.8	-1.42	-0.28	-0.56	-1.22	-0.28	-1.22	-2	-0.68	-0.18	-2.28	-1.06	-0.18
7	-1.12	-1.58	-1.46	-2.3	-2.08	-1.38	-1.6	-2.4	-1.3	-0.18	-0.3	-1.42	-0.14	-0.68	-2.04	-1.22	-0.78	-2.36	-0.76	-0.36
7	0.34	-0.86	-1.1	-1.32	-1.56	-0.64	-0.54	-1.58	-1.18	-1	-0.98	-0.64	-0.78	-1.24	-1.66	-0.14	-0.06	-2.28	-0.96	-0.52
7	-0.58	-1.24	-0.64	-1.28	-1.96	-0.7	-1.14	-1.18	-0.82	-1.2	-1.38	-1.1	-0.96	-0.98	-1.04	-0.18	0.16	-2.08	-0.48	-0.78
7	-0.64	-0.44	-0.26	-0.82	-2.22	-0.02	0.06	-1.52	-1.04	-1.5	-1.16	0.1	-0.58	-1.8	-1.54	-0.18	-0.72	-2.56	-1.38	-1.16
7	-0.34	0.38	-0.04	0.18	-2.46	1.14	1.96	-1.26	-0.66	-2.3	-2.22	1.3	-1.44	-2.8	-1	0.2	-0.56	-2.82	-1.96	-1.7
7	0.2	-0.98	-0.98	-1.18	-2.08	-0.42	-0.6	-1.04	-0.92	-1.38	-1.62	-0.84	-1.04	-1.94	-1.64	-0.34	-0.54	-2.3	-1.4	-0.84
7	-0.68	-1.06	-0.8	-1.12	-2.24	-0.48	-0.74	-1.3	-0.88	-1.38	-1.16	-0.82	-0.84	-1.46	-1.38	-0.44	-0.62	-2.28	-1.16	-1.26
7	-0.64	-0.78	-0.86	-1.48	-2.26	-0.52	-0.92	-1.78	-1.06	-1.1	-1.08	-0.32	-0.62	-1.12	-1.72	-0.56	-0.58	-2.22	-0.92	-0.98
7	-0.38	-0.74	-0.1	-0.98	-1.92	-0.12	-0.38	-0.96	-0.8	-1.44	-1.38	-0.7	-0.64	-1.64	-1.72	0.12	-0.36	-2.3	-1.28	-1.02
7	0.04	-1.08	-0.72	-1.22	-1.6	-0.76	-0.96	-0.58	-1.58	-1.16	-1.06	-0.88	-0.86	-1.66	-1.76	0	-0.04	-2.38	-1.56	-0.7
7	-0.36	-0.96	-1.34	-1.64	-1.94	-0.76	-1.16	-1.4	-1.64	-0.92	-0.7	-1.02	-0.68	-1.68	-1.28	-0.62	-0.36	-2.24	-1.62	-0.7
7	-0.48	0.06	-0.36	-0.32	-2.64	0.36	0.14	-0.48	-0.82	-2.26	-2.14	0.26	-1.54	-2.4	-0.72	-0.24	-0.64	-2.6	-1.72	-1.76
7	-0.38	-1.22	-1.12	-1.4	-1.72	-0.64	-0.66	-1.98	-1.7	-0.46	-0.4	-0.74	-0.2	-1.48	-1.44	-0.28	-0.04	-2.48	-1.42	-0.16
7	0.18	-0.82	-0.52	-0.92	-1.84	0	-0.52	-0.94	-0.78	-1.54	-1.5	-0.58	-0.94	-1.76	-1.76	-0.1	-0.48	-1.72	-1.02	-1.04
7	0.38	-1.2	-1.08	-1.18	-1.86	-0.74	-0.9	-1.54	-1.52	-1.22	-1.06	-1.14	-1.1	-1.48	-1.64	0.06	-0.22	-2.3	-1.08	-0.7
7	-0.12	-0.82	-0.7	-1	-2.04	-0.5	-0.56	-1.38	-0.66	-1.48	-1.52	-0.9	-1.02	-1.92	-1.88	-0.36	-0.54	-2.68	-1.34	-1.16
7	-0.28	-1.3	-0.76	-1.26	-1.8	-0.82	-0.8	-0.64	-1.16	-1.44	-1.34	-0.94	-0.92	-1.24	-1.72	-0.08	-0.58	-1.9	-1	-1.08
7	0.2	-0.6	-0.3	-0.74	-1.82	-0.42	-0.34	-0.94	-1.18	-1.72	-1.7	-0.56	-1.2	-2.12	-0.88	0.36	-0.26	-2.66	-1.8	-1.2
7	-0.36	-1.06	-1.32	-1.64	-2.12	-0.94	-1.3	-1.56	-1.06	-1.26	-1.12	-1.28	-0.92	-1.48	-0.92	-0.56	-0.76	-2.4	-1.28	-0.94
7	-0.1	-0.4	-0.7	-0.8	-1.88	-0.16	-0.2	-1.2	-1.06	-1.52	-1.4	-0.44	-0.82	-2.04	-1.36	-0.1	-0.14	-2.56	-1.6	-0.9
7	0.54	-1.16	-1.4	-1.32	-2.1	-0.42	-0.74	-1.62	-0.82	-1.44	-1.06	-1.14	-1.02	-1.7	-1.84	-0.54	-0.76	-2.02	-1.1	-1
7	0.12	-0.14	-0.88	-1.34	-1.88	-0.26	-0.72	-0.92	-1.38	-1.34	-0.94	-0.36	-0.34	-1.98	-1.48	-0.1	-0.38	-2.64	-1.68	-0.9
7	0.42	-0.64	-0.98	-1.52	-1.74	-0.32	-0.48	-0.24	-1.02	-1.58	-1.42	-0.74	-0.88	-1.82	-1.84	-0.14	-0.74	-2.04	-1.3	-1.12
7	0.02	-0.78	-0.16	-0.72	-2.06	-0.06	-0.34	-0.92	-0.92	-1.44	-1.58	-0.72	-0.86	-1.86	-1.78	0.04	-0.36	-2.48	-1.58	-1.16
7	0.04	-1.3	-1.36	-1.2	-2.24	-1.14	-1.22	-0.2	-1.82	-2.06	-1.88	-1.4	-1.38	-2.22	-0.9	-0.5	-0.24	-2.66	-2.14	-1.48
7	-0.18	0.1	-0.88	-0.88	-2.26	0.34	0.64	-1.82	-0.9	-1.56	-1.2	0.2	-0.72	-1.94	-1.58	-0.3	-0.74	-2.58	-1.44	-0.98
7	-0.4	-0.56	-0.16	-0.64	-2.04	0.24	-0.28	-1.22	-0.66	-1.28	-1.1	-0.46	-0.5	-1.8	-1.74	-0.14	-0.3	-2.5	-1.38	-1.04
7	0.08	-0.98	-1.04	-1.08	-1.7	-0.86	-0.78	-1.1	-1.12	-1.36	-1.14	-0.86	-0.78	-1.68	-1.88	-0.2	-0.36	-2.4	-1.24	-1
7	-0.08	-0.88	-0.36	-1	-1.88	0.06	-0.5	-0.6	-0.7	-1.7	-1.78	-0.58	-0.92	-1.78	-1.76	0.24	-0.18	-2.3	-1.26	-1.24
7	-0.26	-0.2	-0.54	-0.48	-1.88	0.2	-0.04	-1.58	-0.76	-1.6	-1.36	-0.36	-0.82	-1.9	-1.58	-0.06	-0.64	-2.28	-1.38	-1.28
7	-0.8	-0.84	-0.34	-0.74	-2.66	0.1	-0.34	-1.82	-1.06	-1.52	-1.22	0.12	-1.02	-2.1	-2.06	-0.46	-0.38	-2.7	-1.22	-1.46
7	-0.38	-1.1	-1.4	-1.9	-1.5	-0.5	-1.14	-1.6	-1.26	-1.38	-0.98	-1	-0.82	-1.66	-0.48	-0.5	-0.38	-2.1	-1.1	-1.04
7	-0.96	-1.74	-1.56	-2.06	-3.38	-0.66	-1.58	-1.9	-2.3	-2.26	-2.02	-1.54	-1.84	-3.16	-2.6	-0.98	-1.2	-3.78	-2.62	-1.76
7	-0.46	-0.92	-1.2	-0.94	-1.98	-0.7	-0.9	-1.44	-1.28	-1.56	-1.44	-1	-1.26	-2.18	-1.04	-0.82	-0.54	-2.84	-1.76	-1.18
7	-0.72	-1.4	-1.3	-1.02	-2.4	-0.74	-1.04	-1.38	-1.64	-1.74	-1.44	-1.58	-1.56	-2.42	-1.6	-0.96	-0.88	-3.02	-2.04	-1.34
7	-0.48	-0.94	-1.3	-0.86	-1.94	-1.14	-0.98	-1.2	-1.52	-1.42	-1.4	-1.3	-1.24	-1.92	-1.48	-0.7	-0.7	-2.78	-1.68	-0.96
7	-0.66	-0.98	-1.16	-1.46	-2.32	-0.74	-0.96	-1.5	-1.22	-1.38	-1.14	-1.06	-0.54	-1.26	-1.86	-0.72	-0.86	-2.04	-1.14	-1.22
7	-0.66	-0.54	-0.68	-0.9	-1.82	-0.54	-0.74	-1.14	-1.22	-1.34	-1.32	-0.66	-1	-2.08	-1.1	-0.42	-0.42	-2.74	-1.8	-0.92
7	-0.76	-1.68	-1.48	-2.12	-2.98	-0.32	-1.3	-2	-2.16	-2.22	-2.02	-1.32	-1.64	-3.02	-2.46	-0.86	-1.1	-3.3	-2.38	-1.72
7	-0.24	-0.94	-0.88	-1.26	-1.48	-0.38	-0.66	-1.56	-1.24	-1.34	-1.32	-0.62	-0.76	-1.92	-0.64	-0.2	-0.16	-2.54	-1.38	-0.78
7	-0.22	-1.1	-1.4	-1.48	-1.58	-0.56	-0.82	-1.36	-1.46	-0.8	-1.16	-0.9	-0.54	-1.48	-0.76	-0.5	-0.5	-2.46	-1.36	-0.4
8	-0.46	-1.48	-0.46	-0.74	-1.76	-1.06	-0.92	-0.94	-1.5	-0.84	-1.3	-1.12	-0.94	-1.5	-1.64	-0.06	-0.28	-2.56	-1.4	-0.5
8	-0.44	-1.22	-0.58	-1.16	-2.04	-0.98	-1.08	-1.12	-1.42	-0.94	-1.46	-1.08	-0.88	-1.64	-1.82	0.02	0.32	-2.86	-1.6	-0.84
8	-0.36	-1.14	-0.7	-0.62	-1.86	-0.36	-0.42	-1.34	-1.52	-0.78	-1.22	-0.88	-0.98	-1.8	-1.3	0.14	0.44	-2.82	-1.74	-0.5
8	-0.64	-0.76	-0.24	-0.64	-1.96	-0.24	-0.76	-1.06	-1.32	-1.18	-1.34	-0.62	-0.72	-1.78	-1.54	-0.06	0.16	-2.58	-1.66	-0.9
8	-0.28	-1.44	-1.02	-1.12	-1.96	-1.04	-0.96	-0.12	-1.78	-1.68	-1.68	-1.16	-1.12	-2.18	-0.28	-0.18	-0.88	-2.66	-2.14	-1.22
8	-0.72	-1.32	-0.22	-0.94	-1.9	-0.76	-1	-0.86	-1.28	-1.28	-1.34	-1.08	-0.86	-1.56	-1.58	-0.22	-0.24	-2.26	-1.48	-1
8	-0.84	-1.32	0.08	-0.96	-1.72	-0.98	-1.1	-1.22	-1.4	-1.02	-1.16	-1.02	-0.76	-1.7	-1.48	-0.24	-0.22	-2.58	-1.62	-0.82
8	-0.74	-1.3	0	-0.96	-1.64	-1	-1.12	-1.18	-1.44	-0.98	-1.14	-1.1	-0.74	-1.66	-1.46	-0.1	-0.16	-2.56	-1.62	-0.78
8	-0.58	-0.86	-0.36	-0.86	-2.02	-0.68	-0.4	-1.3	-1.22	-1.24	-1.24	-0.62	-0.9	-1.38	-1.7	0	-0.3	-2.48	-1.36	-0.98
8	-0.04	-1.44	-0.76	-1.32	-1.52	-1.14	-1.28	-0.54	-1.64	-1.14	-1.3	-1.24	-0.84	-1.42	-1.5	-0.06	-0.04	-2.1	-1.46	-0.72
8	-0.32	-1.42	-0.56	-1.2	-1.36	-1.06	-1.26	-0.94	-1.74	-1	-1.08	-1.12	-0.66	-1.56	-1.46	0.2	0.34	-2.24	-1.66	-0.68
8	-0.7	-1.48	-0.72	-0.92	-2.12	-0.82	-0.5	-1.3	-1.48	-0.88	-1.2	-1.16	-0.74	-1.3	-1.66	-0.28	-0.04	-2.58	-1.36	-0.7
8	-0.52	-1.66	-0.72	-1.22	-1.6	-1.18	-1.22	-0.98	-1.74	-0.86	-1.12	-1.3	-0.66	-1.1	-1.7	-0.04	0.54	-1.92	-1.36	-0.46
8	-0.5	-1.44	-0.46	-1.02	-1.92	-0.68	-0.64	-1.16	-1.38	-0.9	-1.2	-1	-0.68	-1.38	-1.54	0	0.4	-2.48	-1.44	-0.56
8	-0.72	-1.32	-0.02	-0.96	-1.88	-0.82	-1	-0.76	-1.3	-1.3	-1.4	-1.1	-0.94	-1.36	-1.76	0	-0.12	-2.12	-1.28	-0.98
8	-0.3	-1.46	-0.66	-1.1	-1.62	-1.08	-1.1	-0.8	-1.66	-1.04	-1.26	-1.2	-0.78	-1.34	-1.66	-0.1	0.2	-2.1	-1.5	-0.62
8	-0.58	-1.3	-0.18	-1.02	-1.8	-0.8	-0.98	-0.9	-1.36	-1.22	-1.32	-1.08	-0.88	-1.34	-1.7	0.02	0.02	-2.08	-1.26	-0.84
8	-0.3	-1.44	-0.54	-1	-1.66	-1.06	-1.02	-0.82	-1.48	-1.24	-1.44	-1.22	-1.06	-1.46	-1.48	0.14	0.04	-1.9	-1.32	-0.86
8	-0.74	-1.94	-1.08	-1.04	-1.78	-1.22	-1.08	-1.1	-1.92	-1.12	-1.44	-1.5	-1.18	-1.68	-2.02	-0.5	-0.22	-2.2	-1.6	-0.8
8	-0.54	-1.5	-0.6	-1	-1.8	-0.94	-0.76	-1.3	-1.56	-0.8	-1.04	-1.06	-0.68	-1.38	-1.34	-0.02	0.28	-2.38	-1.44	-0.5
8	-0.54	-1.56	-0.6	-0.92	-1.8	-0.98	-0.78	-1.28	-1.58	-0.72	-1	-1.12	-0.64	-1.4	-1.34	-0.02	0.22	-2.4	-1.42	-0.48
8	-0.96	-0.66	-0.3	-0.74	-2.2	-0.06	0.22	-1.68	-0.6	-1.5	-1.2	-0.02	-0.8	-1.42	-1.84	-0.26	-0.88	-2.24	-0.86	-1.3
8	-0.6	-1.12	-0.74	-0.98	-1.62	-0.7	-0.62	-1.62	-1.68	-0.54	-0.72	-0.64	-0.4	-1.82	-1.96	-0.28	0.02	-2.96	-1.8	-0.54
8	-1.16	-1.26	-1.58	-2.4	-2.12	-1.18	-1.58	-2.32	-1.7	-0.08	-0.08	-1.06	0.04	-0.84	-2	-1.22	-0.7	-2.3	-0.96	-0.38
8	-0.66	-2.92	-2.8	-2.96	-3.08	-2.2	-2.38	-2.66	-3.16	-0.02	-0.5	-2.64	0.38	-1.5	-3.36	-1.56	-0.98	-3.52	-2	-0.24
8	-1.14	-1.42	-1.52	-2.24	-2.12	-1.06	-1.4	-2.3	-1.66	-0.08	-0.14	-1.16	0.04	-0.86	-2.06	-1.2	-0.86	-2.38	-0.92	-0.42
8	-0.8	-2.86	-2.78	-2.96	-3.14	-2.06	-2.26	-2.64	-3.22	-0.08	-0.56	-2.52	0.38	-1.46	-3.38	-1.66	-1.22	-3.5	-2.08	-0.32
8	-0.56	-1.54	-0.34	-1.12	-1.76	-1	-1.08	-0.92	-1.4	-1.06	-1.22	-1.2	-0.84	-1.12	-1.8	-0.08	-0.06	-2.08	-1.16	-0.76
8	-2.12	-2.5	-2.24	-2.64	-2.32	-2.06	-1.96	-3.42	-2.28	-2.24	-2	-2.04	-1.86	-2.56	-3.6	-1.52	-1.3	-4.52	-2.14	-2.68
8	-0.38	-1.4	-0.52	-0.86	-1.76	-0.96	-0.68	-1.14	-1.48	-1	-1.3	-1.1	-0.92	-1.32	-1.58	0.04	0.16	-2.3	-1.4	-0.6
8	-0.38	-0.64	-0.54	-0.98	-1.86	-0.54	-0.44	-1.66	-1.42	-0.68	-0.88	-0.3	-0.5	-1.84	-1.86	-0.28	0.02	-2.76	-1.44	-0.52
8	-0.86	-2.02	-1.16	-1.36	-1.76	-1.44	-1.5	-0.96	-2.02	-1.04	-1.3	-1.74	-1.12	-1.62	-2.12	-0.76	-0.46	-2.08	-1.56	-0.72
8	-0.52	-1.44	-0.64	-0.98	-1.86	-0.9	-0.66	-1.22	-1.5	-0.78	-0.92	-1.02	-0.64	-1.42	-1.52	-0.06	0.3	-2.46	-1.4	-0.42
8	-1.08	-1.12	0.08	-0.5	-2.42	-0.44	-0.14	-1.72	-0.94	-0.86	-1.12	-0.8	-0.66	-1.4	-2.08	-0.54	-0.68	-2.66	-1.2	-1.06
8	-0.78	-1.16	0.12	-0.34	-1.82	-0.76	-0.56	-1.28	-1.24	-1.32	-1.46	-0.72	-1	-1.62	-1.6	0.04	0.06	-2.66	-1.52	-1.04
8	-0.88	-1.6	-1.96	-2.14	-3.58	-1.16	-1.1	-2.94	-2.08	-1.44	-1.66	-1.28	-1.42	-2.5	-2.36	-1.8	-1.58	-3.56	-1.7	-0.82
8	-1.2	-2.1	-3	-3.06	-4.56	-1.8	-1.44	-4.02	-2.28	-1.66	-2.02	-2.2	-1.86	-3.02	-3.32	-2.58	-2.4	-4.32	-2.56	-1.24
8	-0.82	-2.42	-2.36	-2.76	-2.36	-1.68	-2.36	-2.34	-2.56	0.04	0.16	-2.04	0.58	-1.12	-2.42	-1.18	-0.78	-2.74	-1.86	0
8	-0.5	-1.54	-1.4	-2.24	-2	-0.9	-1.5	-2	-1.72	-0.1	-0.18	-1.36	0.18	-0.98	-1.88	-0.72	0.08	-2.18	-1.06	-0.08
8	-0.76	-1.22	-0.8	-1.48	-2.1	-0.94	-1.02	-2.12	-1.56	-0.46	-0.88	-0.94	-0.5	-1.48	-1.06	-0.76	-0.48	-2.82	-1.38	-0.24
8	-1.3	-1.34	-1.18	-1.38	-2.52	-1.14	-0.94	-1.8	-2.1	-1.84	-1.7	-1.38	-1.26	-1.84	-2.26	-1.04	-1.06	-2.9	-1.96	-1.68
8	-0.62	-1.62	-1.8	-2.54	-1.82	-1.22	-1.72	-2.18	-1.78	0.04	-0.16	-1.16	0.2	-1.44	-2.28	-1	-0.44	-2.58	-1.24	0.06
8	-0.82	-0.78	-0.24	-1.18	-1.86	-0.76	-0.64	-1.4	-1.26	-0.84	-0.86	-0.74	-0.68	-1.72	-2.02	-0.44	-0.54	-2.66	-1.42	-0.6
8	-0.14	-0.72	-1.04	-1.16	-1.84	-0.3	-0.48	-1.52	-1.52	-1.06	-0.86	-0.7	-0.44	-1.74	-1.38	-0.18	-0.28	-2.58	-1.62	-0.74
8	-1.22	-1.4	-1.64	-1.44	-3.16	-1.3	-1.16	-2.18	-2.3	-1.5	-1.84	-1.12	-1.46	-2.88	-2.56	-1.34	-1.26	-3.8	-2.4	-1.32
8	-0.76	-1.54	-1.26	-1.28	-2.14	-0.98	-0.98	-2.42	-1.44	-0.48	-0.52	-1.14	-0.28	-1.16	-1.68	-0.54	-0.22	-2.54	-1	-0.36
8	-0.16	-1.2	-0.78	-0.9	-1.7	-0.66	-0.4	-0.72	-1.28	-1.06	-1.38	-0.78	-1.06	-1.52	-1.44	0.02	-0.14	-2.44	-1.12	-0.62
8	-0.66	-0.66	-0.2	-0.64	-1.88	-0.18	-0.7	-1.06	-1.3	-1.26	-1.32	-0.62	-0.72	-1.8	-1.54	-0.08	0.14	-2.54	-1.64	-0.86
8	-0.6	-1.44	-0.58	-0.88	-1.9	-0.94	-0.76	-0.72	-1.48	-0.88	-1.16	-1.18	-0.86	-1.66	-1.84	-0.32	-0.04	-2.5	-1.56	-0.46
8	-0.46	-1.46	-0.72	-0.86	-1.76	-1.08	-0.86	-0.74	-1.62	-0.84	-1.18	-1.28	-0.84	-1.58	-1.64	-0.36	0.16	-2.32	-1.54	-0.34
8	-0.76	-1.22	-0.5	-0.48	-2.04	-0.64	-0.6	-1.22	-1.48	-0.7	-1.28	-1.1	-0.9	-1.6	-1.52	-0.24	0.24	-2.82	-1.66	-0.44
8	-0.66	-1.54	-0.34	-0.76	-2.12	-0.58	-0.58	-0.96	-1.38	-0.94	-1.12	-1.12	-0.94	-1.3	-1.5	-0.34	-0.18	-2.5	-1.22	-0.7
